spectrum_id	peptide_sequence	charge	protein_accession
spectrum=2306	GGVLALGYR	2	tr|A9FTI5|A9FTI5_SORC5
spectrum=2309	GESSSTAGVVR	3	tr|A9F7L5|A9F7L5_SORC5
spectrum=2310	VYQGNLTR	2	tr|A9EMZ2|A9EMZ2_SORC5
spectrum=2311	THYEPADDR	3	tr|A9FMU1|A9FMU1_SORC5_rev
spectrum=2314	DDAPEYHTR	2	tr|A9FMU1|A9FMU1_SORC5
spectrum=2315	EAPASDAAAGR	2	tr|A9GX99|A9GX99_SORC5_rev
spectrum=2316	DC(Carbamidomethyl)KPSEAEK	2	tr|A9ENG2|A9ENG2_SORC5_rev
spectrum=2317	SPEGASADAAR	2	tr|A9GPF0|A9GPF0_SORC5
spectrum=2318	SQQIADEAAM(Oxidation)	3	tr|A9FKT1|A9FKT1_SORC5_rev
spectrum=2319	PGM(Oxidation)M(Oxidation)SEVEAR	3	tr|A9F9V9|A9F9V9_SORC5_rev
spectrum=2322	SGPYAEVFK	2	tr|A9G3D2|A9G3D2_SORC5_rev
spectrum=2326	M(Oxidation)LRLM(Oxidation)MAPM(Oxidation)	3	tr|A9GDU7|A9GDU7_SORC5_rev
spectrum=2327	AM(Oxidation)GEPC(Carbamidomethyl)GDSPK	2	tr|A9EQZ6|A9EQZ6_SORC5_rev
spectrum=2330	SPAM(Oxidation)GYDLR	2	tr|A9FC34|A9FC34_SORC5
spectrum=2334	IESTC(Carbamidomethyl)SGEDC(Carbamidomethyl)R	3	tr|A9G2T7|A9G2T7_SORC5_rev
spectrum=2336	AFGPAAVLER	2	tr|A9G2T4|A9G2T4_SORC5
spectrum=2337	EMQSEIPHR	3	tr|A9GI39|A9GI39_SORC5
spectrum=2338	ANSTDDDM(Oxidation)SR	2	tr|A9EWJ0|A9EWJ0_SORC5_rev
spectrum=2339	M(Oxidation)QLGGFYC(Carbamidomethyl)R	3	tr|A9GDK4|A9GDK4_SORC5
spectrum=2340	C(Carbamidomethyl)PLM(Oxidation)VK	2	sp|O46375|TTHY_BOVIN
spectrum=2342	GHATDYM(Oxidation)GSR	2	tr|A9FJN5|A9FJN5_SORC5_rev
spectrum=2344	SHKDNDVC(Carbamidomethyl)R	3	tr|A9GV95|A9GV95_SORC5_rev
spectrum=2345	EHQAM(Oxidation)DQQK	2	tr|A9EYE8|A9EYE8_SORC5
spectrum=2346	AARRMWAR	2	tr|A9F4K4|A9F4K4_SORC5
spectrum=2347	DDIC(Carbamidomethyl)RC(Carbamidomethyl)ETR	3	tr|A9G9Y2|A9G9Y2_SORC5
spectrum=2349	DLTDAM(Oxidation)HGDR	2	tr|A9FYA5|A9FYA5_SORC5_rev
spectrum=2350	DDIC(Carbamidomethyl)RC(Carbamidomethyl)ETR	2	tr|A9G9Y2|A9G9Y2_SORC5
spectrum=2351	AEGPEGPEAR	3	tr|A9FJF8|A9FJF8_SORC5_rev
spectrum=2353	SDAPEPSTTVM(Oxidation)R	3	tr|A9ET91|A9ET91_SORC5
spectrum=2354	HC(Carbamidomethyl)SGC(Carbamidomethyl)SYTGNGSLRVDYFLR	3	tr|A9G8F0|A9G8F0_SORC5_rev
spectrum=2355	C(Carbamidomethyl)AEC(Carbamidomethyl)EEGEKK	3	tr|A9FJQ7|A9FJQ7_SORC5
spectrum=2356	GAAQAAANDAR	2	tr|A9FVJ9|A9FVJ9_SORC5
spectrum=2357	PEVLANDR	2	tr|A9F3I7|A9F3I7_SORC5
spectrum=2360	DSDGDGILDR	2	tr|A9GDW5|A9GDW5_SORC5
spectrum=2362	HEEAQPFTR	2	tr|A9F1M9|A9F1M9_SORC5
spectrum=2367	VLDAVR	2	sp|O46375|TTHY_BOVIN
spectrum=2368	WAPEFSDM(Oxidation)R	2	tr|A9GJQ7|A9GJQ7_SORC5
spectrum=2373	WADAGPDNVLHK	3	tr|A9EQW7|A9EQW7_SORC5
spectrum=2374	KSGVM(Oxidation)R	2	tr|A9FQW2|A9FQW2_SORC5_rev
spectrum=2375	M(Oxidation)AAVSAR	2	tr|A9GXC6|A9GXC6_SORC5_rev
spectrum=2377	AGGHTHDSSHM	3	tr|A9F2N5|A9F2N5_SORC5_rev
spectrum=2378	SSEDREMR	2	tr|A9FWA1|A9FWA1_SORC5
spectrum=2379	SIGRTDLWGGDSR	3	tr|A9GCF2|A9GCF2_SORC5
spectrum=2380	FTVGEAQM(Oxidation)QEM(Oxidation)R	2	tr|A9FLL6|A9FLL6_SORC5_rev
spectrum=2381	YRDREGAAQEK	2	tr|A9G5K1|A9G5K1_SORC5_rev;tr|A9GFY4|A9GFY4_SORC5_rev
spectrum=2382	ESTGRELLK	2	tr|A9F9Y4|A9F9Y4_SORC5
spectrum=2386	DDGADEGEIPK	3	tr|A9G7E3|A9G7E3_SORC5_rev
spectrum=2389	ALMC(Carbamidomethyl)ASLWGQC(Carbamidomethyl)R	3	tr|A9FDM6|A9FDM6_SORC5_rev
spectrum=2390	AMFDYASAGGR	2	tr|A9FC54|A9FC54_SORC5
spectrum=2391	LC(Carbamidomethyl)VLHEK	3	P02769|ALBU_BOVIN
spectrum=2393	LC(Carbamidomethyl)VLHEK	2	P02769|ALBU_BOVIN
spectrum=2394	LADC(Carbamidomethyl)QSKDPEK	3	tr|A9FMK2|A9FMK2_SORC5
spectrum=2395	EC(Carbamidomethyl)C(Carbamidomethyl)DKPLLEK	2	P02769|ALBU_BOVIN
spectrum=2396	GDEAADEAEAK	2	tr|A9G4M9|A9G4M9_SORC5_rev
spectrum=2397	DALLHAM(Oxidation)K	2	tr|A9GEZ7|A9GEZ7_SORC5_rev
spectrum=2398	LLDNSVEC(Carbamidomethyl)C(Carbamidomethyl)GR	3	tr|A9GLP6|A9GLP6_SORC5_rev
spectrum=2400	NFFGHETC(Carbamidomethyl)M	2	tr|A9GPV2|A9GPV2_SORC5_rev
spectrum=2402	LEDRGHC(Carbamidomethyl)K	2	tr|A9FUU0|A9FUU0_SORC5_rev
spectrum=2404	AEGSSNVEGGGFR	2	tr|A9FXR0|A9FXR0_SORC5;tr|A9FXR4|A9FXR4_SORC5
spectrum=2405	AAESTDGGM(Oxidation)TWR	2	tr|A9GFD5|A9GFD5_SORC5
spectrum=2406	PAAEDWWR	2	tr|A9F7Z2|A9F7Z2_SORC5_rev
spectrum=2407	SAEEGGSAASLDR	2	tr|A9GAA5|A9GAA5_SORC5_rev
spectrum=2408	MPVMDGWGFAR	3	tr|A9GIX9|A9GIX9_SORC5
spectrum=2409	QFEYTWLR	3	tr|A9EUA3|A9EUA3_SORC5
spectrum=2410	DADAEEALVQR	3	tr|A9F9G1|A9F9G1_SORC5
spectrum=2411	AAGLFDEGAEMGR	2	tr|A9GSK2|A9GSK2_SORC5_rev
spectrum=2412	TSQEQEEINR	3	tr|A9GNG4|A9GNG4_SORC5
spectrum=2413	FTVGEAQM(Oxidation)QEM(Oxidation)R	2	tr|A9FLL6|A9FLL6_SORC5_rev
spectrum=2414	EHPFRSNTR	2	tr|A9FE17|A9FE17_SORC5_rev
spectrum=2417	KTAASDYR	2	tr|A9GD13|A9GD13_SORC5_rev
spectrum=2419	C(Carbamidomethyl)C(Carbamidomethyl)TESLVNR	2	P02769|ALBU_BOVIN
spectrum=2423	MSDSESDSRR	2	tr|A9GMF9|A9GMF9_SORC5
spectrum=2424	DAFGNWC(Carbamidomethyl)SR	2	tr|A9EPE0|A9EPE0_SORC5
spectrum=2425	APSHVLEEC(Carbamidomethyl)FQMNK	4	tr|A9G4X1|A9G4X1_SORC5;tr|A9GFX8|A9GFX8_SORC5
spectrum=2428	DDMEPYDLR	2	tr|A9GAU9|A9GAU9_SORC5_rev
spectrum=2429	ESDFDRDGR	2	tr|A9GWZ8|A9GWZ8_SORC5
spectrum=2430	SGPPESEGFR	2	tr|A9GAU7|A9GAU7_SORC5_rev
spectrum=2431	SIDGGYC(Carbamidomethyl)K	2	sp|A9GWZ4|LEPA_SORC5_rev
spectrum=2433	YIC(Carbamidomethyl)DNQDTISSK	2	P02769|ALBU_BOVIN
spectrum=2434	MSM(Oxidation)PTPMAAR	2	tr|A9GB37|A9GB37_SORC5
spectrum=2435	GDGATADLNR	2	tr|A9EV31|A9EV31_SORC5
spectrum=2436	PERMYGRMSGSLSAM(Oxidation)	4	tr|A9FQ44|A9FQ44_SORC5_rev
spectrum=2438	C(Carbamidomethyl)FHFSMK	2	tr|A9FYD8|A9FYD8_SORC5
spectrum=2440	DDSPDLPK	2	P02769|ALBU_BOVIN
spectrum=2441	DVSRVAPEDR	3	tr|A9GE34|A9GE34_SORC5
spectrum=2442	LLMDKAM	2	tr|A9GMW5|A9GMW5_SORC5_rev
spectrum=2443	AMLAYSR	2	tr|A9GHF0|A9GHF0_SORC5
spectrum=2444	EESC(Carbamidomethyl)DNLR	2	tr|A9FMW5|A9FMW5_SORC5
spectrum=2445	QEPERNEC(Carbamidomethyl)FLSHK	3	P02769|ALBU_BOVIN
spectrum=2446	SSSTFDPK	2	tr|A9GLH6|A9GLH6_SORC5_rev
spectrum=2449	M(Oxidation)SPPDDTR	2	tr|A9GM92|A9GM92_SORC5
spectrum=2450	FTDDGAHR	2	tr|A9FRX8|A9FRX8_SORC5
spectrum=2451	EC(Carbamidomethyl)C(Carbamidomethyl)DKPLLEK	3	P02769|ALBU_BOVIN
spectrum=2452	PC(Carbamidomethyl)ASM(Oxidation)EHK	2	tr|A9G4S2|A9G4S2_SORC5
spectrum=2453	ITWNQR	2	tr|A9FJP3|A9FJP3_SORC5_rev
spectrum=2454	M(Oxidation)M(Oxidation)DLWRAHEPSGAR	4	tr|A9GY09|A9GY09_SORC5
spectrum=2455	GWYDAGDHGK	2	tr|A9FWM2|A9FWM2_SORC5
spectrum=2456	SIDGGYC(Carbamidomethyl)K	2	sp|A9GWZ4|LEPA_SORC5_rev
spectrum=2458	VENPAYK	2	tr|A9GTI9|A9GTI9_SORC5_rev
spectrum=2459	FDGSAAM(Oxidation)R	2	tr|A9FPZ7|A9FPZ7_SORC5_rev
spectrum=2466	DNDVC(Carbamidomethyl)RGR	3	tr|A9GV95|A9GV95_SORC5_rev
spectrum=2468	TEFWDAGTLDAGSFR	2	tr|A9FUL5|A9FUL5_SORC5_rev
spectrum=2469	MHKEEQK	3	tr|A9GFG7|A9GFG7_SORC5_rev
spectrum=2470	DETLC(Carbamidomethyl)PEK	2	tr|A9GQH1|A9GQH1_SORC5
spectrum=2471	RANADPMR	2	tr|A9GFQ7|A9GFQ7_SORC5
spectrum=2473	HARADFR	2	tr|A9G0V0|A9G0V0_SORC5
spectrum=2475	GDYHINDK	2	tr|A9GWJ9|A9GWJ9_SORC5
spectrum=2476	QEPERNEC(Carbamidomethyl)FLSHK	3	P02769|ALBU_BOVIN
spectrum=2477	RANADPM(Oxidation)R	3	tr|A9GFQ7|A9GFQ7_SORC5
spectrum=2479	FYGSGLM(Oxidation)R	2	tr|A9FXP9|A9FXP9_SORC5_rev
spectrum=2480	GSGRC(Carbamidomethyl)GEFPEE	3	tr|A9F7U3|A9F7U3_SORC5
spectrum=2481	YIC(Carbamidomethyl)DNQDTISSK	2	P02769|ALBU_BOVIN
spectrum=2482	AADNGTGTC(Carbamidomethyl)SP	2	tr|A9GPI7|A9GPI7_SORC5
spectrum=2483	C(Carbamidomethyl)IEPM(Oxidation)EVMR	2	tr|A9GUC4|A9GUC4_SORC5_rev
spectrum=2484	NDMAEQKK	3	tr|A9GV91|A9GV91_SORC5
spectrum=2485	WSENYDPYVMR	2	tr|A9GWW2|A9GWW2_SORC5_rev
spectrum=2486	SC(Carbamidomethyl)ANC(Carbamidomethyl)HQARGEGK	2	tr|A9GFW0|A9GFW0_SORC5
spectrum=2487	GDDTSFGDAER	2	tr|A9GJ88|A9GJ88_SORC5
spectrum=2488	RC(Carbamidomethyl)EEYAK	2	tr|A9GS73|A9GS73_SORC5_rev
spectrum=2489	IEEMM(Oxidation)QGR	2	tr|A9F4M5|A9F4M5_SORC5
spectrum=2494	M(Oxidation)GAHGSSTAR	3	tr|A9GUC9|A9GUC9_SORC5
spectrum=2495	TEAASDADTQGEK	3	tr|A9GB63|A9GB63_SORC5
spectrum=2496	DDYQDRER	2	tr|A9G7N3|A9G7N3_SORC5
spectrum=2497	SASGGGGSDGSGSHEGAR	2	tr|A9GQN9|A9GQN9_SORC5
spectrum=2499	MHKEEQK	3	tr|A9GFG7|A9GFG7_SORC5_rev
spectrum=2500	TEAASDADTQGEK	2	tr|A9GB63|A9GB63_SORC5
spectrum=2503	GKWM(Oxidation)DGWETR	2	tr|A9GBG2|A9GBG2_SORC5
spectrum=2504	DTPDDAGMQPGAQR	2	tr|A9GPR9|A9GPR9_SORC5_rev
spectrum=2505	DSTC(Carbamidomethyl)SAIDEGSGR	3	tr|A9GI81|A9GI81_SORC5
spectrum=2506	AFGWGDMVPMR	3	tr|A9GIX9|A9GIX9_SORC5_rev
spectrum=2507	EVVEQQESMR	3	tr|A9FJB8|A9FJB8_SORC5
spectrum=2508	EC(Carbamidomethyl)FLMTR	2	tr|A9GUB7|A9GUB7_SORC5
spectrum=2509	ASEGC(Carbamidomethyl)RAQMTR	2	tr|A9F1X3|A9F1X3_SORC5
spectrum=2512	EGEGLLEEM(Oxidation)AR	2	tr|A9G756|A9G756_SORC5_rev
spectrum=2513	NFYDGC(Carbamidomethyl)FQR	3	tr|A9FMY5|A9FMY5_SORC5
spectrum=2514	C(Carbamidomethyl)TTM(Oxidation)DRPQR	2	tr|A9G6Z0|A9G6Z0_SORC5_rev
spectrum=2515	TMVAGDGYDVDR	2	tr|A9ERW7|A9ERW7_SORC5
spectrum=2516	WPDRSPMC(Carbamidomethyl)EK	3	tr|A9G4J0|A9G4J0_SORC5
spectrum=2517	EMASDVMDNK	3	sp|A9ESS9|RL35_SORC5_rev
spectrum=2518	DQEDGASC(Carbamidomethyl)GVK	2	tr|A9FSF1|A9FSF1_SORC5
spectrum=2519	MGDEPRMR	2	tr|A9GSH6|A9GSH6_SORC5
spectrum=2521	GILQPGASM	2	tr|A9GSI1|A9GSI1_SORC5_rev
spectrum=2523	GDDTSFGDAER	2	tr|A9GJ88|A9GJ88_SORC5
spectrum=2525	AIEPLDDVDR	3	tr|A9GMK9|A9GMK9_SORC5
spectrum=2526	M(Oxidation)WHHAPM(Oxidation)R	2	tr|A9FKB2|A9FKB2_SORC5
spectrum=2528	GDSAGSVLALR	2	tr|A9G5Y1|A9G5Y1_SORC5
spectrum=2529	AAERVC(Carbamidomethyl)AADDAC(Carbamidomethyl)GPSR	3	tr|A9GPY9|A9GPY9_SORC5_rev
spectrum=2530	DLGEEHFK	2	P02769|ALBU_BOVIN
spectrum=2531	ATDM(Oxidation)FYGGR	3	tr|A9FGK9|A9FGK9_SORC5_rev
spectrum=2533	WAGMPTPDR	2	tr|A9FAH6|A9FAH6_SORC5_rev
spectrum=2534	GEHVHMHK	3	tr|A9FYY9|A9FYY9_SORC5
spectrum=2536	GQYGRGDDR	2	tr|A9G7N3|A9G7N3_SORC5_rev
spectrum=2537	PNDTAGALTM(Oxidation)	3	tr|A9GLL2|A9GLL2_SORC5_rev
spectrum=2538	AGRPAAAPPSSAR	3	tr|A9FVL2|A9FVL2_SORC5_rev
spectrum=2539	HATDLM(Oxidation)MR	2	tr|A9GCV0|A9GCV0_SORC5_rev
spectrum=2540	DLSGAQMM(Oxidation)R	3	tr|A9GV07|A9GV07_SORC5_rev
spectrum=2541	NAC(Carbamidomethyl)PAGR	2	tr|A9G4T4|A9G4T4_SORC5
spectrum=2542	EC(Carbamidomethyl)LSAC(Carbamidomethyl)IR	3	tr|A9FCD3|A9FCD3_SORC5_rev
spectrum=2543	LDNEWDSK	2	tr|A9GHJ5|A9GHJ5_SORC5_rev
spectrum=2544	C(Carbamidomethyl)DPGQLSGR	3	tr|A9GXT2|A9GXT2_SORC5
spectrum=2545	SEDDGTC(Carbamidomethyl)GLAGPIGNSR	4	tr|A9GMR2|A9GMR2_SORC5_rev
spectrum=2546	SM(Oxidation)SLEAFR	3	tr|A9GBE8|A9GBE8_SORC5
spectrum=2547	AEAEGSAGDSR	3	tr|A9EY06|A9EY06_SORC5_rev
spectrum=2548	ADEDPAVAR	3	tr|A9FV32|A9FV32_SORC5
spectrum=2550	DLIGDGDSDR	2	tr|A9GDW5|A9GDW5_SORC5_rev
spectrum=2551	AHPDDGAQDR	3	tr|A9GQL8|A9GQL8_SORC5_rev
spectrum=2552	RDSPC(Carbamidomethyl)EYR	2	tr|A9GE04|A9GE04_SORC5
spectrum=2553	AVAPDEDAR	2	tr|A9FV32|A9FV32_SORC5_rev
spectrum=2554	TM(Oxidation)AEC(Carbamidomethyl)REK	3	tr|A9ES72|A9ES72_SORC5_rev
spectrum=2556	GHHNPC(Carbamidomethyl)AGGNQGSGC(Carbamidomethyl)AGK	4	tr|A9GIJ6|A9GIJ6_SORC5_rev
spectrum=2557	MEAVC(Carbamidomethyl)SDGEC(Carbamidomethyl)AERPR	3	tr|A9FX92|A9FX92_SORC5
spectrum=2560	DETLC(Carbamidomethyl)PEK	3	tr|A9GQH1|A9GQH1_SORC5
spectrum=2561	HYHEGC(Carbamidomethyl)RGC(Carbamidomethyl)LR	2	tr|A9GC25|A9GC25_SORC5_rev
spectrum=2562	AAATFHDQMAQWDR	3	tr|A9EWW6|A9EWW6_SORC5_rev
spectrum=2564	SLGLGHEAR	2	tr|A9FN74|A9FN74_SORC5_rev
spectrum=2565	RAGDM(Oxidation)AGAER	3	tr|A9FE21|A9FE21_SORC5
spectrum=2566	DYHEAGSM	2	tr|A9G8P8|A9G8P8_SORC5_rev
spectrum=2567	VHEQTM(Oxidation)SEIM(Oxidation)M(Oxidation)	2	tr|A9FBA7|A9FBA7_SORC5_rev
spectrum=2568	EETGSLTDSEAK	3	tr|A9G7Y2|A9G7Y2_SORC5
spectrum=2569	EQM(Oxidation)AGDC(Carbamidomethyl)R	2	tr|A9GPG6|A9GPG6_SORC5
spectrum=2570	ETYGDMADC(Carbamidomethyl)C(Carbamidomethyl)EK	2	P02769|ALBU_BOVIN
spectrum=2571	AGGSSAGWGSGR	2	tr|A9GHN5|A9GHN5_SORC5_rev
spectrum=2572	SC(Carbamidomethyl)GRAGM(Oxidation)AESTM(Oxidation)	2	tr|A9F911|A9F911_SORC5_rev
spectrum=2573	ALGAPDGGSK	2	tr|A9FUI3|A9FUI3_SORC5_rev
spectrum=2574	M(Oxidation)SAEEHDRAM(Oxidation)RSGR	3	tr|A9G308|A9G308_SORC5_rev
spectrum=2575	AGGAERK	2	tr|A9GP35|A9GP35_SORC5_rev
spectrum=2577	NDMVDSAMEK	3	sp|A9ESS9|RL35_SORC5
spectrum=2578	DIGFGGR	2	tr|A9G8K7|A9G8K7_SORC5
spectrum=2579	LSAHSR	2	tr|A9GHM7|A9GHM7_SORC5
spectrum=2580	MTTTEPMMQKQMVQK	3	tr|A9GE44|A9GE44_SORC5
spectrum=2581	SQTDFR	2	tr|A9FMV2|A9FMV2_SORC5
spectrum=2582	LWRSSR	2	tr|A9F9J8|A9F9J8_SORC5_rev
spectrum=2583	SGDGC(Carbamidomethyl)SATC(Carbamidomethyl)MR	2	tr|A9FKF7|A9FKF7_SORC5
spectrum=2584	M(Oxidation)NGSNDTRR	2	tr|A9FGU5|A9FGU5_SORC5
spectrum=2585	SNGIPGALGC(Carbamidomethyl)TGDDESR	3	tr|A9GMR2|A9GMR2_SORC5
spectrum=2587	LADDGYFR	2	tr|A9GP32|A9GP32_SORC5_rev
spectrum=2589	AARAESFRR	2	tr|A9GSI1|A9GSI1_SORC5_rev
spectrum=2592	SSGGAQDM(Oxidation)PR	2	tr|A9G6N3|A9G6N3_SORC5_rev
spectrum=2596	ASEGC(Carbamidomethyl)RAQM(Oxidation)TR	2	tr|A9F1X3|A9F1X3_SORC5
spectrum=2597	LGC(Carbamidomethyl)SGC(Carbamidomethyl)NNTDTR	3	tr|A9FFW9|A9FFW9_SORC5_rev
spectrum=2598	VSAVLDEK	2	tr|A9ESV9|A9ESV9_SORC5_rev
spectrum=2600	AEPDTGDASER	2	tr|A9FLM8|A9FLM8_SORC5
spectrum=2602	IDPGNEENR	3	tr|A9F3C8|A9F3C8_SORC5
spectrum=2606	DIC(Carbamidomethyl)FRRHDM(Oxidation)	3	tr|A9GWK8|A9GWK8_SORC5_rev
spectrum=2607	DAEYPGDVSGANR	2	tr|A9G1Y6|A9G1Y6_SORC5_rev
spectrum=2609	GGM(Oxidation)KM(Oxidation)AM(Oxidation)TADYYHNK	4	tr|A9F1H2|A9F1H2_SORC5_rev
spectrum=2610	QPSC(Carbamidomethyl)AWTHDADR	2	tr|A9F481|A9F481_SORC5
spectrum=2611	GGM(Oxidation)KM(Oxidation)AM(Oxidation)TADYYHNK	3	tr|A9F1H2|A9F1H2_SORC5_rev
spectrum=2612	AEGC(Carbamidomethyl)AFWDASGK	2	tr|A9GKH5|A9GKH5_SORC5
spectrum=2615	TWAYTYDENDR	2	tr|A9FEP4|A9FEP4_SORC5
spectrum=2616	DLGEEHFK	2	P02769|ALBU_BOVIN
spectrum=2617	M(Oxidation)AAGAAM(Oxidation)LAM(Oxidation)GC(Carbamidomethyl)SGK	2	tr|A9G405|A9G405_SORC5
spectrum=2619	PSDEDLAEMRGQGM(Oxidation)IC(Carbamidomethyl)	4	tr|A9GRK4|A9GRK4_SORC5
spectrum=2620	WFADEHPET	2	tr|A9G6V4|A9G6V4_SORC5
spectrum=2623	ATPSTFVRPDM(Oxidation)TM(Oxidation)	2	tr|A9F3F7|A9F3F7_SORC5_rev
spectrum=2624	GSM(Oxidation)DAM(Oxidation)QQSM(Oxidation)R	2	tr|A9ESB0|A9ESB0_SORC5
spectrum=2625	VASLRETYGDM(Oxidation)ADC(Carbamidomethyl)C(Carbamidomethyl)EK	3	P02769|ALBU_BOVIN
spectrum=2628	VC(Carbamidomethyl)GASDGC(Carbamidomethyl)GWK	2	tr|A9GQ14|A9GQ14_SORC5
spectrum=2632	GGC(Carbamidomethyl)GGAGGSGGGGGGK	3	tr|A9G4T1|A9G4T1_SORC5_rev
spectrum=2634	GGC(Carbamidomethyl)GGAGGSGGGGGGK	2	tr|A9G4T1|A9G4T1_SORC5_rev
spectrum=2635	DHAWMLDK	2	tr|A9GRD6|A9GRD6_SORC5
spectrum=2636	AYHFPLYGEDDRFGSR	3	tr|A9GGY2|A9GGY2_SORC5
spectrum=2637	AM(Oxidation)GEPC(Carbamidomethyl)GDSPK	2	tr|A9EQZ6|A9EQZ6_SORC5_rev
spectrum=2638	KNGC(Carbamidomethyl)PDDPDGDGVR	2	tr|A9GS42|A9GS42_SORC5
spectrum=2639	TFYWMGC(Carbamidomethyl)M(Oxidation)HNK	2	tr|A9GAE2|A9GAE2_SORC5
spectrum=2640	LAM(Oxidation)AGAVVK	2	tr|A9FKR4|A9FKR4_SORC5_rev
spectrum=2641	VQQDNADDGVEGR	2	tr|A9EPR7|A9EPR7_SORC5_rev
spectrum=2642	DPPGVC(Carbamidomethyl)VAM(Oxidation)DGER	2	tr|A9FDZ2|A9FDZ2_SORC5_rev
spectrum=2643	AM(Oxidation)EFDVMSVVDK	2	tr|A9EXK6|A9EXK6_SORC5_rev
spectrum=2645	TFYWM(Oxidation)GC(Carbamidomethyl)M(Oxidation)HNK	2	tr|A9GAE2|A9GAE2_SORC5
spectrum=2651	M(Oxidation)SASSIVM(Oxidation)R	3	tr|A9FS63|A9FS63_SORC5_rev
spectrum=2652	QIEDEEAESM	3	tr|A9ERQ0|A9ERQ0_SORC5_rev
spectrum=2653	MGAVC(Carbamidomethyl)TDNPAENR	2	tr|A9FUP8|A9FUP8_SORC5
spectrum=2654	M(Oxidation)AAGAAM(Oxidation)LAM(Oxidation)GC(Carbamidomethyl)SGK	2	tr|A9G405|A9G405_SORC5
spectrum=2657	PDYLRIGAALAR	3	tr|A9GEQ8|A9GEQ8_SORC5
spectrum=2660	GEGDIM(Oxidation)AC(Carbamidomethyl)VPLTM(Oxidation)DER	4	tr|A9FWC3|A9FWC3_SORC5
spectrum=2662	M(Oxidation)TNLYTTR	2	tr|A9FFG8|A9FFG8_SORC5
spectrum=2663	M(Oxidation)YVC(Carbamidomethyl)LC(Carbamidomethyl)MGVC(Carbamidomethyl)DR	2	tr|A9FDX9|A9FDX9_SORC5
spectrum=2664	QAC(Carbamidomethyl)NALELC(Carbamidomethyl)DPRR	2	tr|A9F4G9|A9F4G9_SORC5
spectrum=2666	PAPGM(Oxidation)EEM(Oxidation)K	2	tr|A9G6U3|A9G6U3_SORC5
spectrum=2667	SLAEPDDAR	2	tr|A9EW96|A9EW96_SORC5_rev
spectrum=2669	SC(Carbamidomethyl)ANC(Carbamidomethyl)HQARGEGK	2	tr|A9GFW0|A9GFW0_SORC5
spectrum=2670	NEELDAM(Oxidation)M(Oxidation)K	2	sp|P02608|MLRS_RABIT
spectrum=2671	ENPETAYLLR	2	tr|A9EPE6|A9EPE6_SORC5
spectrum=2673	QAISMPK	2	tr|A9GAU5|A9GAU5_SORC5
spectrum=2674	YIC(Carbamidomethyl)DNQDTISSK	2	P02769|ALBU_BOVIN
spectrum=2675	LVTDLTK	2	P02769|ALBU_BOVIN
spectrum=2678	C(Carbamidomethyl)DDVDTGEEC(Carbamidomethyl)R	3	tr|A9GMM3|A9GMM3_SORC5_rev
spectrum=2680	AM(Oxidation)GEPC(Carbamidomethyl)GDSPK	2	tr|A9EQZ6|A9EQZ6_SORC5_rev
spectrum=2681	YEISNAYR	3	tr|A9G3N4|A9G3N4_SORC5
spectrum=2682	LWGEVAK	2	tr|A9ESZ7|A9ESZ7_SORC5
spectrum=2683	AIGFDAVK	2	tr|A9FUH6|A9FUH6_SORC5_rev;tr|A9G1R5|A9G1R5_SORC5_rev;tr|A9GEK8|A9GEK8_SORC5_rev;tr|A9GKX5|A9GKX5_SORC5_rev
spectrum=2684	DHGGC(Carbamidomethyl)IFIDLR	2	tr|A9FNM8|A9FNM8_SORC5
spectrum=2685	ELGDHDR	2	tr|A9F608|A9F608_SORC5
spectrum=2686	LAM(Oxidation)PRR	2	tr|A9FV36|A9FV36_SORC5_rev
spectrum=2687	M(Oxidation)EHGYPGGER	3	tr|A9F8N2|A9F8N2_SORC5
spectrum=2688	LVDSVEAK	2	tr|A9F4K0|A9F4K0_SORC5
spectrum=2689	EHC(Carbamidomethyl)LGEDPPDR	3	tr|A9GXL8|A9GXL8_SORC5
spectrum=2690	AGLRLAPPR	2	tr|A9GTR9|A9GTR9_SORC5
spectrum=2691	EQPDM(Oxidation)GEAEK	2	tr|A9EW96|A9EW96_SORC5_rev
spectrum=2692	VIEAEGR	2	tr|A9GIC6|A9GIC6_SORC5
spectrum=2693	LPGGPC(Carbamidomethyl)AR	2	tr|A9FQR1|A9FQR1_SORC5_rev
spectrum=2694	SPKKDGK	2	tr|A9GEY1|A9GEY1_SORC5_rev
spectrum=2696	C(Carbamidomethyl)PAESSC(Carbamidomethyl)RR	3	tr|A9GLN6|A9GLN6_SORC5_rev
spectrum=2697	LVDFYR	2	tr|A9F9F1|A9F9F1_SORC5
spectrum=2698	M(Oxidation)M(Oxidation)ALNGIQPGATA	2	tr|A9GD27|A9GD27_SORC5
spectrum=2699	VSDDGAGMNR	2	tr|A9FWB6|A9FWB6_SORC5
spectrum=2700	GPGVDPETGK	2	tr|A9FRS5|A9FRS5_SORC5
spectrum=2701	RDM(Oxidation)AAETM(Oxidation)DPR	2	sp|A9EYY7|SYL_SORC5
spectrum=2702	SAAAPAGADAR	3	tr|A9G2E0|A9G2E0_SORC5_rev
spectrum=2704	C(Carbamidomethyl)AAAAC(Carbamidomethyl)GGGDRC(Carbamidomethyl)R	2	tr|A9G0B6|A9G0B6_SORC5_rev
spectrum=2706	AAARVPPLR	2	tr|A9FWP2|A9FWP2_SORC5_rev
spectrum=2707	VEHM(Oxidation)VTER	3	tr|A9FQA8|A9FQA8_SORC5_rev
spectrum=2708	VC(Carbamidomethyl)SPC(Carbamidomethyl)SM(Oxidation)GDVQLM(Oxidation)	3	tr|A9FHV5|A9FHV5_SORC5_rev
spectrum=2709	EAPASDAAAGR	2	tr|A9GX99|A9GX99_SORC5_rev
spectrum=2710	GDC(Carbamidomethyl)DNDAGDEC(Carbamidomethyl)R	2	tr|A9GBU8|A9GBU8_SORC5_rev
spectrum=2712	SFC(Carbamidomethyl)AFC(Carbamidomethyl)PTR	2	tr|A9G9U7|A9G9U7_SORC5_rev
spectrum=2715	GAC(Carbamidomethyl)LLPK	2	P02769|ALBU_BOVIN
spectrum=2716	DQM(Oxidation)GALTGC(Carbamidomethyl)DR	2	tr|A9FG12|A9FG12_SORC5_rev
spectrum=2717	EQFEDPDSR	2	tr|A9FWG7|A9FWG7_SORC5_rev
spectrum=2718	ESAEFEIAR	3	tr|A9FJE9|A9FJE9_SORC5_rev
spectrum=2719	FMGC(Carbamidomethyl)AGAM(Oxidation)AESC(Carbamidomethyl)SR	2	tr|A9FE21|A9FE21_SORC5_rev
spectrum=2721	M(Oxidation)EFSAC(Carbamidomethyl)GSAEFER	2	tr|A9GDT2|A9GDT2_SORC5
spectrum=2722	DDLC(Carbamidomethyl)VGLM(Oxidation)DESPPDK	3	tr|A9G5J6|A9G5J6_SORC5_rev
spectrum=2723	LAEFYPGC(Carbamidomethyl)C(Carbamidomethyl)RR	2	tr|A9FSP9|A9FSP9_SORC5_rev
spectrum=2725	M(Oxidation)GM(Oxidation)EDPSGAYVMR	2	tr|A9FVI9|A9FVI9_SORC5_rev
spectrum=2727	VVDLETKR	2	tr|A9FHS9|A9FHS9_SORC5
spectrum=2728	C(Carbamidomethyl)EGKDSC(Carbamidomethyl)AK	2	tr|A9GCS7|A9GCS7_SORC5_rev
spectrum=2729	SPRM(Oxidation)TVTARR	3	tr|A9FIE9|A9FIE9_SORC5
spectrum=2730	PTTGGPETEPAPEK	3	tr|A9FKD0|A9FKD0_SORC5_rev
spectrum=2731	YRTEC(Carbamidomethyl)PHQDAFAK	4	tr|A9G7N2|A9G7N2_SORC5_rev
spectrum=2732	VC(Carbamidomethyl)VPPK	2	tr|A9EWP1|A9EWP1_SORC5
spectrum=2734	AVC(Carbamidomethyl)AGDVPC(Carbamidomethyl)ADC(Carbamidomethyl)R	2	tr|A9EQ53|A9EQ53_SORC5_rev
spectrum=2735	NPEDRFPDAGR	2	tr|A9GHT8|A9GHT8_SORC5
spectrum=2737	IADVINSK	2	tr|A9FIZ2|A9FIZ2_SORC5_rev
spectrum=2739	GLM(Oxidation)PNPK	2	sp|A9GRA4|RL1_SORC5
spectrum=2740	IVSADER	2	tr|A9ERW7|A9ERW7_SORC5
spectrum=2742	EGGNAWAAR	3	tr|A9GUU7|A9GUU7_SORC5_rev
spectrum=2743	YDC(Carbamidomethyl)QAC(Carbamidomethyl)AGEAPMPLLAAK	3	tr|A9GM05|A9GM05_SORC5_rev
spectrum=2744	MDSSPAIK	2	tr|A9G186|A9G186_SORC5
spectrum=2745	LPC(Carbamidomethyl)RHTM(Oxidation)	2	tr|A9FQT6|A9FQT6_SORC5_rev
spectrum=2746	QAISMPK	2	tr|A9GAU5|A9GAU5_SORC5
spectrum=2748	EYEATLEEC(Carbamidomethyl)C(Carbamidomethyl)AK	2	P02769|ALBU_BOVIN
spectrum=2749	ASEMREEPAR	2	tr|A9FA64|A9FA64_SORC5_rev
spectrum=2751	APASIPK	2	tr|A9FUQ8|A9FUQ8_SORC5_rev
spectrum=2752	DGDPSAALDR	2	tr|A9FAJ9|A9FAJ9_SORC5
spectrum=2754	PKDDGADYGGK	2	tr|A9GNF1|A9GNF1_SORC5_rev
spectrum=2756	C(Carbamidomethyl)FDSGVC(Carbamidomethyl)SKC(Carbamidomethyl)TR	2	tr|A9GRN3|A9GRN3_SORC5_rev
spectrum=2758	DLC(Carbamidomethyl)DGYER	2	tr|A9EQ02|A9EQ02_SORC5_rev
spectrum=2761	DFIGM(Oxidation)GSAHM	3	tr|A9F4H4|A9F4H4_SORC5_rev
spectrum=2763	ADRDSGTR	2	tr|A9EYE1|A9EYE1_SORC5_rev
spectrum=2764	DM(Oxidation)FEM(Oxidation)LALR	3	tr|A9G6B1|A9G6B1_SORC5
spectrum=2767	ARAEDAAEDSR	3	tr|A9FZN3|A9FZN3_SORC5_rev
spectrum=2770	PPDATC(Carbamidomethyl)RR	2	tr|A9GJG8|A9GJG8_SORC5_rev
spectrum=2773	LAADDFR	2	Q15323|K1H1_HUMAN;Q14532|K1H2_HUMAN;Q92764|KRT35_HUMAN;O76013|KRT36_HUMAN;O76014|KRT37_HUMAN;O76015|KRT38_HUMAN;Q14525|KT33B_HUMAN
spectrum=2775	FMGC(Carbamidomethyl)AGAM(Oxidation)AESC(Carbamidomethyl)SR	2	tr|A9FE21|A9FE21_SORC5_rev
spectrum=2776	EEYDALC(Carbamidomethyl)DQM(Oxidation)VK	2	tr|A9EWY7|A9EWY7_SORC5
spectrum=2778	DTFGQDAMWFDNYM(Oxidation)K	4	tr|A9G4Z4|A9G4Z4_SORC5_rev
spectrum=2781	GEESRQM(Oxidation)EAR	2	tr|A9FE43|A9FE43_SORC5_rev
spectrum=2783	FM(Oxidation)C(Carbamidomethyl)LEPIEPGYER	3	tr|A9GVI6|A9GVI6_SORC5
spectrum=2784	QQRDLAQR	2	tr|A9GES1|A9GES1_SORC5_rev
spectrum=2788	GPITYMTAK	2	tr|A9FL97|A9FL97_SORC5
spectrum=2789	ELNQQANR	2	tr|A9FNH7|A9FNH7_SORC5
spectrum=2790	EAFKTEGR	2	tr|A9ES55|A9ES55_SORC5
spectrum=2791	GAC(Carbamidomethyl)LLPK	2	P02769|ALBU_BOVIN
spectrum=2793	TVSTM(Oxidation)RIM	2	tr|A9G5B3|A9G5B3_SORC5_rev
spectrum=2794	AEFVEVTK	2	P02769|ALBU_BOVIN
spectrum=2795	GDTAGATFTR	2	tr|A9GWI8|A9GWI8_SORC5_rev
spectrum=2796	EAERRM(Oxidation)R	2	tr|A9GI63|A9GI63_SORC5
spectrum=2797	SGASYAPDTSNGWASGK	2	tr|A9FSP0|A9FSP0_SORC5
spectrum=2798	DRAELDHR	2	sp|A9G9R0|MIAA_SORC5
spectrum=2799	AAARDEEAR	2	sp|A9FI55|MURG_SORC5
spectrum=2800	C(Carbamidomethyl)AALAGEADAAR	2	tr|A9GRH9|A9GRH9_SORC5
spectrum=2801	ILFENVTM(Oxidation)R	2	tr|A9G3U0|A9G3U0_SORC5
spectrum=2802	QGLELIDAWR	2	tr|A9ES14|A9ES14_SORC5
spectrum=2803	ATEPGSTGPK	2	tr|A9ERW7|A9ERW7_SORC5
spectrum=2804	WPSAASC(Carbamidomethyl)STR	2	tr|A9GK88|A9GK88_SORC5
spectrum=2806	EDILPIAER	2	tr|A9GFC9|A9GFC9_SORC5
spectrum=2807	MDLAQYIK	2	tr|A9FHA1|A9FHA1_SORC5
spectrum=2808	RHAEDEVR	2	tr|A9FEH1|A9FEH1_SORC5
spectrum=2809	SLM(Oxidation)LRSC(Carbamidomethyl)VR	2	tr|A9GEU8|A9GEU8_SORC5
spectrum=2810	QWGRTGM(Oxidation)	2	tr|A9ES26|A9ES26_SORC5_rev
spectrum=2812	C(Carbamidomethyl)EVQMTEGR	2	tr|A9FG84|A9FG84_SORC5
spectrum=2816	GTEDRDSPLC(Carbamidomethyl)K	2	tr|A9G3K8|A9G3K8_SORC5
spectrum=2817	QKEEEK	2	tr|A9GSF2|A9GSF2_SORC5_rev
spectrum=2819	PEDC(Carbamidomethyl)NPGGSMK	3	tr|A9FFN7|A9FFN7_SORC5
spectrum=2820	PAYPDKK	2	tr|A9FDH5|A9FDH5_SORC5_rev
spectrum=2822	EQPDM(Oxidation)NEADK	2	tr|A9EW83|A9EW83_SORC5_rev
spectrum=2824	C(Carbamidomethyl)QEGMQGVR	2	tr|A9GUC4|A9GUC4_SORC5_rev
spectrum=2825	M(Oxidation)RYDSAATK	2	tr|A9GD13|A9GD13_SORC5
spectrum=2827	DPGKPGK	2	tr|A9GIN8|A9GIN8_SORC5_rev
spectrum=2828	GIFSDVLK	2	tr|A9EW87|A9EW87_SORC5
spectrum=2829	PSREPGAVEQTR	2	tr|A9FEF7|A9FEF7_SORC5
spectrum=2830	AIHGGGPR	2	tr|A9G2I4|A9G2I4_SORC5
spectrum=2831	PGRC(Carbamidomethyl)GSNNR	2	tr|A9GS37|A9GS37_SORC5
spectrum=2832	TLVLTER	2	tr|A9G7T5|A9G7T5_SORC5
spectrum=2833	TEDWPR	2	tr|A9FGV8|A9FGV8_SORC5_rev
spectrum=2835	HAEEDC(Carbamidomethyl)DDVGSGRAVC(Carbamidomethyl)K	3	tr|A9GCK6|A9GCK6_SORC5
spectrum=2838	DGDTDM(Oxidation)R	2	tr|A9GA57|A9GA57_SORC5
spectrum=2839	QWGRTGM(Oxidation)	2	tr|A9ES26|A9ES26_SORC5_rev
spectrum=2840	KAAPADK	2	tr|A9GB01|A9GB01_SORC5
spectrum=2842	HAEEDC(Carbamidomethyl)DDVGSGRAVC(Carbamidomethyl)K	3	tr|A9GCK6|A9GCK6_SORC5
spectrum=2845	VATVSLPR	2	P00761|TRYP_PIG
spectrum=2846	LKNEAKVL	2	tr|A9GVN6|A9GVN6_SORC5
spectrum=2848	ESSDKPK	2	tr|A9GIJ6|A9GIJ6_SORC5_rev
spectrum=2849	AM(Oxidation)VEGDGFSYGR	2	tr|A9FWX5|A9FWX5_SORC5_rev
spectrum=2850	EAFDILER	2	tr|A9FXV6|A9FXV6_SORC5_rev
spectrum=2851	LTGAGAGHRAPR	2	tr|A9GWZ1|A9GWZ1_SORC5
spectrum=2852	GVRPLGGPRAR	3	tr|A9GVJ8|A9GVJ8_SORC5
spectrum=2855	AEAEEEETR	2	tr|A9EZ24|A9EZ24_SORC5_rev
spectrum=2856	VATVSLPR	2	P00761|TRYP_PIG
spectrum=2857	EAC(Carbamidomethyl)FAVEGPK	2	P02769|ALBU_BOVIN
spectrum=2858	SRVGLTALPEGPK	3	tr|A9GBZ5|A9GBZ5_SORC5_rev
spectrum=2859	LLASYAFKERK	2	tr|A9FR99|A9FR99_SORC5
spectrum=2860	LC(Carbamidomethyl)LEC(Carbamidomethyl)AEAYEAM(Oxidation)GR	3	tr|A9GQL8|A9GQL8_SORC5
