spectrum_id	peptide_sequence	charge	protein_accession	score	precursor_mz	retention_time
2305	MAASILPF	2	A9F596	0.95	440.150238037109	1504.74609375
2306	KQVQLFVRG	3	A9FGA8	0.94	453.765380859375	1505.11743164062
2307	EVNLAHLRHN	3	A9ESU7	0.9299999999999999	550.71044921875	1506.59802246094
2308	FNHDALPSEHA	3	A9GFF3	0.9199999999999999	563.533325195312	1509.85278320312
2309	ATGPLVIKLGGE	2	A9GQU6	0.9099999999999999	350.847076416016	1511.34118652344
2310	EPFASRNP	2	A9EN94	0.8999999999999999	475.757232666016	1512.88427734375
2311	LSVPLGTYM	2	A9F773	0.8899999999999999	368.832366943359	1517.88525390625
2312	AYPLLSTAIA	2	A9F781	0.8799999999999999	581.204223632812	1518.2431640625
2313	IGKTFIGHHTV	3	A9FGS5	0.87	673.748046875	1518.6005859375
2314	TGTVLTVGDGIA	2	A9GHR6	0.86	552.744079589844	1520.14294433594
2315	KLSNPSIS	2	A9F3R4	0.85	508.245635986328	1520.49755859375
2316	ASAMYSASE	2	A9GHR9	0.84	532.240295410156	1521.95227050781
2317	VNWWHGLIGV	2	A9GHS2	0.83	516.24365234375	1522.30529785156
2318	TELRPYAVKVQ	3	A9GHR3	0.82	360.495452880859	1522.65747070312
2319	VAAGFAIGIAAL	2	A9FGS9	0.8099999999999999	380.167663574219	1523.01782226562
2320	LLRGRARP	3	A9GS95	0.7999999999999999	547.729553222656	1524.4326171875
2321	VTKDGVTVA	2	A9GB11	0.7899999999999999	763.75048828125	1525.90893554688
2322	DGVTVAKEIE	2	A9GBQ2	0.7799999999999999	499.254241943359	1527.36694335938
2323	QLASAHRLVIA	3	A9FML0	0.77	606.20361328125	1528.84545898438
2324	RAQAVQAEAARV	3	A9GM36	0.76	837.795654296875	1530.31628417969
2325	DTDLLMER	2	A9GEU3	0.75	606.706604003906	1530.70471191406
2326	TLRLSLSTG	2	A9GIP6	0.74	381.513244628906	1532.16076660156
2327	RVVEAARGRV	3	A9FHA5	0.73	583.237915039062	1533.69226074219
2328	ADILLPLEPMG	2	A9FZW7	0.72	589.865051269531	1542.22229003906
2329	QPALTLGDADAV	2	A9GU24	0.71	574.191650390625	1547.30334472656
2330	GSASLITE	2	A9F3W3	0.7	513.241638183594	1552.11364746094
2331	QFTLFGDVR	2	A9GKM6	0.69	569.520568847656	1557.17163085938
2332	VDCPGHADYI	2	A9ETD1	0.6799999999999999	643.223999023438	1557.56115722656
2333	DQAELDKVLIQ	2	A9FA52	0.6699999999999999	550.186767578125	1562.64807128906
2334	NETLLSVLGRRG	3	A9G6T8	0.6599999999999999	438.506256103516	1563.03625488281
2335	YPRERYAR	3	A9FZA0	0.6499999999999999	794.241271972656	1564.54345703125
2336	MFFLGIDKA	2	A9GEI9	0.6399999999999999	516.290283203125	1566.05236816406
2337	APRRGCMNLH	3	A9FL08	0.6299999999999999	376.517639160156	1566.40454101562
2338	PLPARIRAHAV	3	A9GW22	0.6199999999999999	564.217102050781	1567.91064453125
2339	GKPLVGVDHLVG	3	A9FDL0	0.6099999999999999	383.17041015625	1568.26794433594
2340	QGTLQVIF	2	A9FQM4	0.5999999999999999	382.195098876953	1571.56555175781
2341	VAQLTQSMR	2	A9G862	0.59	602.708618164062	1574.6611328125
2342	CGDTPLLDPE	2	A9FSV7	0.58	555.734741210938	1579.64514160156
2343	AQANDTIMGLG	2	A9GPH2	0.57	550.518981933594	1582.90832519531
2344	QFVDTLDRMGIK	3	A9GHU4	0.5599999999999999	377.838043212891	1596.74609375
2345	DMLRCVSS	2	A9GDD3	0.5499999999999999	566.252624511719	1597.10607910156
2346	DSMVVGEPQ	2	A9FDP5	0.5399999999999999	509.780181884766	1597.46215820312
2347	SSLRRAVALR	3	A9FDP9	0.53	408.839904785156	1598.99401855469
2348	VVAEIIPVHGS	2	A9GD69	0.52	403.496337890625	1600.53295898438
2349	KDGRVAVQGWEQ	3	A9GB86	0.51	574.250061035156	1601.97082519531
2350	DPSRVAWT	2	A9GBI6	0.49999999999999994	612.7568359375	1605.1552734375
2351	LRFIPTKPG	3	A9GHW2	0.48999999999999994	338.495788574219	1605.52258300781
2352	ASGDLAPLAH	2	A9GFW6	0.4799999999999999	823.762634277344	1605.87585449219
2353	AQEQLDWIVQH	2	A9F8E5	0.47	436.537353515625	1607.38708496094
2354	PALLAVHQDASG	2	A9GW78	0.45999999999999996	784.024353027344	1607.75402832031
