question_id,evaluation_glm,evaluation_claude,evaluation_doubao,origin_glm,origin_claude,origin_doubao,evaluation_glm_rationale,evaluation_claude_rationale,evaluation_doubao_rationale
a-11-2,❌,1.0,1.0,0.0,0.3035034997254781,0.3630127626248322,失败：任务完成，但GLM 并没有把结果写入到指定位置，而是直接放入到data 目录中,"The agent produced the required hub_genes.csv schema and its executed WGCNA workflow supports the reported values: it normalized raw counts with log2(CPM+1), filtered 81 low-expression genes (919 retained), selected power 7 using pickSoftThreshold, detected seven modules with blockwiseModules, calculated adjacency-derived within/outside/total connectivity, and marked the top decile by connectivity within each non-grey module as hubs. The output differs materially from the reference (919 versus 892 genes and different module/connection assignments), but the reference uses a distinct, task-unspecified preprocessing filter (top decile mean and variance on the unnormalized matrix), a manual TOM/dynamic-tree workflow, and selects hubs by intramodular connectivity. Thus the difference is reasonably explained by valid alternative WGCNA preprocessing and network/hub-selection implementations rather than evidence of calculation failure. Captured exit-0 logs demonstrate execution and output writing, rather than merely stated intent.","The agent produced the required per-gene CSV and captured execution evidence for a genuine WGCNA workflow: preprocessing, soft-threshold selection, adjacency/TOM construction, dynamic tree cutting, connectivity calculation, and within-module hub calls. Its values, numeric module labels, and 894-gene scope differ from the reference's color-labelled, merged-module analysis of 892 genes, but these are reasonably explained by valid, unspecified analytical choices (filtering, log2-CPM normalization, power-selection rule, tree-cut defaults, and omission of post-detection module merging). The task does not prescribe the reference's particular preprocessing or module-merging parameters."
a-11-8,❌,1,0.0,0.37,0.81,0.48,timeout,,"The agent correctly integrated the two edge sets, identified the same six hub genes, and generated the requested two-layer visualization. However, its CSV labels raw incident-edge counts (14) as `degree_centrality`. Degree centrality in the unified 23-node undirected graph is normalized degree, as implemented by the reference with `nx.degree_centrality`, giving 14/(23-1) = 0.6363636363636364. The agent's captured executed code instead uses `value_counts()` and never normalizes. This is not a reasonable alternative calculation implementation for a column explicitly requested as degree centrality, even though the monotonic scaling happens not to alter this hub set. The agent also calculates its percentile only over genes, whereas the reference calculates the unified-network percentile across all nodes, though the selected genes coincide here."
a-13-3,❌,1,❌,0.0,0.86,0.0,"The log successfully inspects dna_parts.fasta and identifies BsaI sites, but it stops before performing the Golden Gate assembly. It explicitly states that no output file was generated and recommends the assembly as a next step. Neither assembled_plasmid.csv nor plasmid_map.txt is created, so the task is incomplete",,timeout
a-13-4,❌,1,1,0.0,1.0,0.0,timeout,,
a-13-5,❌,1,1.0,0.0,0.9947522522522524,0.48,失败:  GLM 完成任务，但是并没有把结果写进文件了,,"The Agent correctly implemented and executed the specified Kyte–Doolittle GRAVY calculation, logistic solubility formula, exhaustive hydrophobic-to-hydrophilic single-residue substitutions, and ranking by solubility gain. Its reported original score, three tied optimal I→R substitutions (positions 3, 13, and 23), best-mutant sequence, and mutant score agree with the reference (with additional displayed precision). Although mutations.tsv is prose-formatted rather than a conventional tabular TSV header plus four fields, it still supplies all three requested mutation records and their position, original, mutant, and gain values; thus the declared outputs together answer the task as written. The captured command log shows a zero-status execution, rather than merely an unexecuted code proposal."
a-14-1,❌,❌,❌,0.0,0.1133035770165797,0.0,失败：ref 要求输出 5 个 pdb  文件，agent 只输出了 2 个,输出文件的命名没有严格按照题目的要求,timeout
a-14-2,1.0,1,1.0,0.0,0.0,0.0,The agent CSV matches the reference CSV in schema and complete set of 30 contacting residues; the row ordering differs but the listed chain/residue-ID/residue-name records are the same.,,Both declared CSVs have the required columns and contain the same 30 chain/residue/name binding-residue records; their only difference is row ordering.
a-15-10,❌,1,1,0.0,0.9999999999999976,1.0,timeout,,
a-15-2,0.0,0.0,❌,0.2686311100164566,0.0,0.0,"The agent produced and verified a 93-row, tab-separated association file, but its executed analysis is not the reference cell-type-specific cis-QTL procedure. The reference calls omicwas::ctcisQTL with the full genotype, position, composition, methylation, and covariate matrices, then writes that procedure’s output. In contrast, the agent first selected 1-Mb cis pairs and then, separately for each cell type, fit an ordinary least-squares model with only that cell type’s proportion and extracted the genotype×proportion interaction. This substitutes a single-proportion interaction test for ctcisQTL’s cell-type-specific model, leading to systematically different effect estimates, test statistics, and p-values. The discrepancy is substantive rather than a harmless alternate output representation: for example, rs6678176–cg19251656–CD4T is −0.00320 (p=0.757) in the reference but −0.16628 (p=0.261) in the agent output; the agent also reports an extreme −14.41 estimate for rs4292979–cg05337192–CD4T. Thus execution is demonstrated, but it demonstrates a materially different and insufficiently specified method for the requested cell-type-specific cis-QTL effects.","The Agent executed an interaction-regression analysis and produced the requested association identifiers and statistical fields, but its calculation is not the reference cell-type-specific cis-QTL method. The reference invokes omicwas::ctcisQTL with all genotype, position, cell-composition, methylation, and covariate matrices. In contrast, the executed Agent code fits a separate three-predictor model for each cell type, omits the supplied covariate matrix entirely, and reports an interaction coefficient. It also computes coefficient uncertainty from the mean squared residual and uses n−3 degrees of freedom despite fitting an intercept plus three predictors. These substantive modeling and inference differences are reflected in materially different estimates, statistics, p-values, and apparent findings, so the output does not establish the requested cis-QTL analysis correctly.",timeout
a-15-7,❌,1,0.0,0.0,0.6245238095238096,0.3344444444444444,timeout,,"The agent executed an iClusterPlus workflow, but used K=3. In iClusterPlus, the reference explicitly uses K=2 to obtain three clusters; the agent’s executed result instead contains four cluster labels (1–4), and its PCA plot displays those four categories. Therefore the submitted outputs do not identify or visualize the requested three molecular subtypes."
a-15-8,❌,1,❌,0.0,0.0,0.0,timeout,,timeout
a-15-8 ,1,❌,1,,,,,timeout,
a-15-9,1.0,0.0,0.0,0.17,0.4292582985518475,0.3757842259259826,"The agent’s captured execution demonstrates the requested workflow: RNA and protein matrices were row-bound, transposed to samples × features for WGCNA, soft-threshold powers 1–10 were evaluated with the documented NA fallback selecting 6, and blockwiseModules was run with TOMType=""unsigned"", deepSplit=4, minModuleSize=10, and mergeCutHeight=0.3. It then computed explicit Pearson module-eigengene/Disease correlations and corPvalueStudent p-values. The different numerical module results are reasonably explained by a legitimate implementation difference: the reference explicitly sets reassignThreshold=0 and pamRespectsDendro=FALSE, while the task did not require either and the agent used blockwiseModules defaults. These settings can alter module assignments/eigengenes; module colors are also not inherently comparable across separately fit WGCNA networks. The output heatmap accurately visualizes the agent’s executed correlation and p-value table and meets the requested structure.","The agent executed a WGCNA-like workflow and produced internally consistent CSV/heatmap outputs, but its captured execution demonstrably did not follow the required network-construction method. It selected power 14 after evaluating powers beyond 1:10, used blockwiseModules with mergeCutHeight=0.15 and deepSplit=2 rather than the required 0.3 and 4, then—after that call found no modules—replaced it with a manual adjacency/TOM/cutreeDynamic fallback using minClusterSize=5. These changes reasonably explain, but do not excuse, the substantially different module set and module–Disease results relative to the reference. The required blockwiseModules analysis was therefore not completed as written.","The agent executed a recognizable WGCNA workflow on the row-bound 200-feature matrix, but its reported associations are not reliable answers to the requested analysis. Its executed code passes `n_samples - 2` to `corPvalueStudent`, although that function requires the sample count and already applies the correlation-test degrees of freedom; consequently the reported p-values are miscomputed. It also uses module-detection defaults different from the reference implementation, producing substantially different eigengene correlations, including a green eigengene correlation of exactly 1. The output heatmap faithfully reflects those incompatible statistics but its overlaid values are visibly overlapping and unreadable."
a-3-13,1.0,1,1,0.0,0.7663551401869159,0.9178267031732796,"The Agent correctly answered the task by running Trinity on the specified paired FASTQ inputs and producing the required nonempty Trinity FASTA at the declared output path. The captured Trinity log, rather than code alone, shows all 100 partition commands succeeded, harvesting and coverage filtering completed, and the final assembly was written to the required filename. The agent output is a valid, internally consistent 105-transcript multi-line FASTA. Although it differs from the reference in transcript identifiers and some assembled sequences/lengths, the reference used Trinity with 16 CPUs whereas the Agent used Trinity v2.15.2 with 4 CPUs and parallel Inchworm/ParaFly processing; Trinity graph assembly and its component numbering can vary with parallel execution/order. The Agent did not substitute a different analysis method or use wrong inputs, so this divergence is reasonably attributable to differing execution configuration rather than evidence of a calculation error.",,
a-3-14,1,1,❌,0.9971751337296976,❌,0.9999999924682216,,,"失败：agent 认为 protein_sequence.csv` is only a Git LFS pointer, not the actual valid protein sequence data"
a-3-5,❌,0.0,❌,0.0,0.3226083226083226,0.2756326845822694,timeout,"The reference runs rMATS on the two BAM groups with paired-end mode and read length 75, then copies A3SS, A5SS, and SE JC event tables into the reference-answer directory. The Agent has captured execution evidence of an rMATS run that generated five JC tables in its runtime work directory, including one SE event; however, no file matching the sole declared output pair (*.MATS.JC.txt) is available in either declared Agent or reference result location. Thus no deliverable JC table can be inspected or accepted as the required output. Moreover, the executed Agent invocation used read length 100 with --variable-read-length rather than the reference's fixed read length 75, so its logged result is not a demonstrated reproduction of the specified reference calculation.",失败：结果文件没有输入到正确的文件夹中
a-3-6,❌,1.0,1.0,0.0,0.0,0.0,"The log shows only FASTQ inspection, reference discovery, and STAR availability verification. It does not show a STAR alignment run with chimeric-detection parameters, generation of K562_Chimeric.out.junction, or extraction of K562_candidate_fusions.csv with the required columns. Therefore, the requested task was not completed.","The Agent demonstrably executed STAR on the paired FASTQ data and then generated both required deliverables. Its chimeric-junction calls differ from the reference because it used a valid, more explicitly configured chimeric-detection invocation (notably --chimJunctionOverhangMin 15, chimera scoring/gap options, and Junctions SeparateSAMold) whereas the reference relies largely on STAR defaults with only --chimSegmentMin 15 and --chimOutType Junctions. The task does not prescribe the reference's exact parameter set, so the additional candidate calls are reasonably attributable to a legitimate implementation choice, rather than evidence of calculation error. The CSV correctly takes the read identifier from STAR junction field 10 (zero-based index 9); in contrast, the reference script selects awk $9, which is not the read-name field. Captured execution output proves STAR completed successfully and that the parser wrote 463 data rows; validation confirms the two comment/summary lines in the STAR file are not parsed as candidates.","The agent completed the requested STAR chimeric-alignment workflow and produced both required artifacts. Its STAR invocation is captured with exit code 0 and STAR's ""finished successfully"" message. Although its junction output has 492 rather than the reference's 434 records, this is reasonably explained by a materially more permissive, but task-compliant, chimeric configuration (chimSegmentMin and chimJunctionOverhangMin both 12, rather than the reference's chimSegmentMin 15) and by supplying a GTF. The task specifies chimeric detection but does not prescribe the reference's exact thresholds. The agent CSV has every requested field and, unlike the reference awk, extracts the read name from junction column 10, which is borne out by the agent junction records and CSV samples; the reference script selects column 9, yielding 0/other numeric values in its read_name field rather than the read identifier. Thus the outputs differ for explainable implementation choices, while the agent's method better satisfies the requested CSV semantics."
a-4-6,❌,0.0,0.0,0.0,0.0,0.0,timeout,"The agent executed and produced a syntactically valid TSV, but its executed method does not answer the requested covariate-adjusted cell-type-specific association analysis. The reference calls omicwas::ctassoc with the trait, composition, bulk-omics, and covariate matrices using the regularized nls.logit test. The agent instead fit an unregularized OLS model with an intercept, disease, all seven compositional fractions, and all disease-by-fraction products, while explicitly excluding the covariate matrix. This model is non-identifiable because the cell fractions are compositional, and the output exhibits the resulting unstable, implausibly huge coefficients. It also omits every requested overall covariate effect. Thus the numerical disagreement stems from an incorrect/incomplete calculation implementation, not a reasonable alternate implementation of the stated task.","The agent executed a different, incomplete analysis: it explicitly discarded the covariate matrix and fitted separate unregularized OLS models with one cell-type proportion, disease, and their interaction for each CpG/cell type. This omits the requested overall covariate effects and is not the reference cell-type association model, which runs omicwas::ctassoc with X, W, Y, C, nls.logit testing, and regularization. The delivered TSV also has a leading comment before its column header and contains only 140 interaction rows; it lacks the reference's cell-type intercept and NA-celltype covariate associations. The disparate shared disease results therefore follow from an unsupported alternative calculation and cannot constitute a complete answer to the task."
a-4-8,❌,0.0,0.0,0.0,0.42,0.36,失败: 任务完成，但GLM 并没有把结果写入到指定位置，而是直接放入到data 目录中,"The agent produced and executed a two-panel PNG with two highlighted intervals per experiment, but it does not compute or visualize the requested optimal two-peak segmentation model. The reference constructs both per-base and read-end coverage tracks and applies PeakSegDisk sequentialSearch_dir(..., 2L), plotting fitted piecewise-constant model segments and change boundaries. In contrast, the agent bins reads into 1-kb bins, finds a least-squares three-segment partition, then zeros its middle segment and repeats the same procedure to create a second interval. That heuristic is not a joint optimum for a two-peak segmentation model. Its rendered output only recolors raw binned traces in the selected intervals; it omits fitted segment means and boundary/model-step presentation. The different intervals and scales therefore reflect a materially different, unsupported calculation rather than an acceptable alternative implementation of the specified model.","The agent successfully produced a two-panel position-versus-signal PNG, but its executed method is a two-component Gaussian mixture fitted only to individual count values. It classifies scattered observations and draws a global threshold; it does not fit or display a genomic segmentation model with two contiguous peak regions, fitted segment means, or peak boundaries. This is a methodological mismatch with the requested optimal two-peak segmentation model, rather than a reasonable implementation variation."
a-5-3,❌,1,1,0.0,0.58,0.74,timeout,,
a-7-7,❌,0.0,0.0,0.0,0.0,0.0,timeout,"The agent did execute a Comet search against the stated mzML and FASTA, but its delivered TSV is not a valid peptide-spectrum-match report. Its extraction AWK uses the wrong Comet TXT field positions: the captured TXT header puts plain_peptide in column 12 and protein in column 16, while the code exports columns 13 and 17. The execution log demonstrates the consequence: e.g., the first source hit has peptide VPTVPPPR and protein tr|A9EUI2|A9EUI2_SORC5, but the submitted row is VPTVPPPRM and protein 1. Thus peptide sequences have been contaminated with the next flanking residue and protein_accession is instead protein_count. The agent also selected five hits per spectrum under materially different search parameters, whereas the reference runs a high-resolution 5 ppm, 0.03 Da, fully tryptic Trypsin/P, charge 2–4, isotope 0/1 search with one hit and converts idXML accessions. The 2,273 incorrect exported rows versus 375 reference PSMs are therefore not an acceptable implementation difference.","The declared TSV has the requested four-column header but no PSM records, so it does not report peptide-spectrum matches. This is not a defensible implementation-dependent difference: the reference produces 375 PSMs. The Agent did execute a Comet search over 557 spectra, but its captured execution stopped because it checked for the wrong expected raw-output filename; no evidence shows successful extraction of PSMs into the declared output."
a-7-8,❌,0.0,❌,0.0,0.0,0.0,timeout,"The Agent did execute DIA-NN on the supplied mzML and FASTA, but its final report is not a reliable precursor-level LFQ result. The reference implementation uses a predicted library and defined, conventional search bounds, whereas the Agent replaced these with radically expanded precursor/fragment ranges, permissive digestion/modification settings, mass tolerances of 300 ppm, and a 0.2 q-value threshold. The report’s 12 records all have Q.Value 0.125 and Precursor.Quantity 0, and captured execution reporting states that zero precursors passed the FDR threshold or were saved. Thus the extra rows reflect an ultra-permissive, non-quantified output rather than a reasonable implementation-caused alternative to the reference’s header-only report.",timeout
a-7-9,1,1.0,1,0.9233333333333332,0.4333333333333333,0.82,,"The agent correctly performs a Pearson chi-square test of association on the provided categorical m6A and DEG status columns as written (a 3×3 contingency table). The reference instead recodes both columns into binary variables before testing (m6A Hyper/Hypo versus no-significance, and Up/Down versus no-DEGs), which is an additional aggregation not requested in the task. Thus the materially different p-values arise from different, defensible analysis definitions rather than evidence of a calculation error. The executed logs document the agent's raw-status table, test statistic, degrees of freedom, and saved p-value. Both visualization outputs contain the required four distribution panels and appropriate axes; the agent's combined panel pools all three datasets, consistent with the requested combined dataset panel.",
a-9-1,❌,❌,❌,0.0,0.0,0.0,timeout,timeout,timeout
a-9-10,❌,1,1,0.0,,,timeout,,
b-11-4,1,1,❌,0.7590794081694694,0.958245814380511,0.0,,,timeout
b-5-10,1.0,1,1,0.0,0.8050870924587398,0.7464874807354503,"Both files contain the required Sample and Cluster fields and 90 assignment rows. The cluster labels match row-for-row across all 90 samples; the Agent represents the same ordered samples as `Sample_1` through `Sample_90`, whereas the reference uses their numeric identifiers `1` through `90`.",,
b-8-10,0.0,1,❌,0.4942536730535155,0.999999999999466,0.0,"The agent produced the required CSV schema and its execution log supports that it ran a CLR-based, custom elastic-net quantile-regression workflow. However, it did not implement the requested/reference determination of taxa present at tau=0.9 and absent at tau=0.5. The reference uses a 1e-6 nonzero criterion and takes the set difference, with alpha=0.1 and no feature standardization. In contrast, the agent used different preprocessing and hyperparameters (multiplicative zero replacement, StandardScaler, alpha=0.01); its logged fits did not converge at any quantile; and it defined “not average” using arbitrary 75th/25th percentile coefficient cutoffs even though 497/500 median-model coefficients were nonzero. This materially changes the reported set and cannot be regarded as a reasonable implementation difference. The resulting 7 taxa conflict markedly with the 106 reference taxa, including an opposite sign for shared Taxon_471.",,timeout
b-8-5,1.0,1,1,0.4166666666666666,0.5,0.5,"The agent demonstrably executed an LSTM 21-day-to-7-day forecasting workflow and reported a test RMSE. Its RMSE differs from the reference, but the discrepancy is reasonably explained by a valid alternative time-series implementation: the agent first applies a chronological 80/20 raw-series split, fits scaling on training values only, and constructs windows separately inside each partition; the reference scales the complete series before making all windows and then splits the windows. The agent's approach avoids both future-informed scaling and train/test-boundary window overlap, so the different test set and resulting RMSE do not establish an error. Although the CSV includes additional MAE and MAPE rows and calls the metric 'RMSE' rather than 'Test_RMSE,' execution logs explicitly identify it as the Test RMSE, and the required Metric/Value columns are present.",,
b-9-4,❌,1,❌,0.0,0.5521312486443044,0.0,timeout,,timeout
