Gene_ID,Module,Intramodular_Connectivity,Extramodular_Connectivity,Total_Connectivity,Is_Hub
Zm00001d001763,7,3.37061770298511,4.07438724403613,7.44500494702124,FALSE
Zm00001d001766,3,1.23979208016018,0.803826607327458,2.04361868748764,FALSE
Zm00001d001770,2,4.13899564171579,3.6968669073191,7.83586254903489,FALSE
Zm00001d001774,0,0.0557217705188221,0.440924320545137,0.496646091063959,FALSE
Zm00001d001779,4,1.22361388842313,7.87325856230587,9.096872450729,FALSE
Zm00001d001781,6,2.31228992940708,3.14060151804449,5.45289144745157,FALSE
Zm00001d001784,1,3.90515269527583,4.44729367476469,8.35244637004052,FALSE
Zm00001d001786,2,1.50140331074495,1.28947000589336,2.79087331663831,FALSE
Zm00001d001790,5,1.52216897431642,2.00059719289466,3.52276616721108,FALSE
Zm00001d001791,2,0.105811166822396,0.0526371705404232,0.158448337362819,FALSE
Zm00001d001796,7,0.0555144862693967,0.206695787022695,0.262210273292092,FALSE
Zm00001d001800,3,11.6017924805517,5.57556371298482,17.1773561935365,FALSE
Zm00001d001804,1,0.486548833992649,0.524167944677142,1.01071677866979,FALSE
Zm00001d001806,2,3.01631200844637,0.444389191499572,3.46070119994594,FALSE
Zm00001d001811,3,2.43274086973592,3.79649515373647,6.22923602347239,FALSE
Zm00001d001813,3,6.51439473065544,5.51492970677955,12.029324437435,FALSE
Zm00001d001820,1,3.5215003556589,3.99746751586283,7.51896787152173,FALSE
Zm00001d001824,6,1.17245072532843,1.23375086543565,2.40620159076408,FALSE
Zm00001d001825,2,0.12605517676993,0.272954357468403,0.399009534238333,FALSE
Zm00001d001826,4,1.14975467459473,2.37061427754285,3.52036895213758,FALSE
Zm00001d001827,6,0.964488682139411,2.86309971321711,3.82758839535652,FALSE
Zm00001d001828,1,1.31363772643995,0.998702654238425,2.31234038067837,FALSE
Zm00001d001832,2,1.42930805969646,0.353951256792944,1.7832593164894,FALSE
Zm00001d001834,1,10.1402440689632,6.40437618097853,16.5446202499417,FALSE
Zm00001d001835,1,9.79901642376595,7.56459815953192,17.3636145832979,FALSE
Zm00001d001837,5,0.478123080525638,0.69171320724463,1.16983628777027,FALSE
Zm00001d001838,2,2.87932770074347,2.05933925878905,4.93866695953251,FALSE
Zm00001d001841,2,23.8935036970159,0.291447372904038,24.1849510699199,TRUE
Zm00001d001850,0,0.138296226178896,0.221335757257579,0.359631983436475,FALSE
Zm00001d001852,5,1.72527657678715,2.50718025398464,4.23245683077178,FALSE
Zm00001d001857,6,3.77768547831552,1.49988260610152,5.27756808441704,FALSE
Zm00001d001865,7,1.72507651274804,2.58525747757101,4.31033399031905,FALSE
Zm00001d001868,7,3.65408145843001,4.36305732175,8.01713878018001,FALSE
Zm00001d001870,8,1.92364328273864,3.08730227297239,5.01094555571102,FALSE
Zm00001d001871,1,4.86142575943152,2.90892393208546,7.77034969151699,FALSE
Zm00001d001877,6,6.63649462894564,1.01130044529451,7.64779507424015,FALSE
Zm00001d001879,7,1.10660106686704,2.14057722117626,3.2471782880433,FALSE
Zm00001d001883,8,5.03834835983209,8.27554395484069,13.3138923146728,TRUE
Zm00001d001884,1,15.4425145865475,12.2130991471669,27.6556137337144,TRUE
Zm00001d001887,4,0.464458963729538,0.356101249567155,0.820560213296693,FALSE
Zm00001d001895,3,13.5758652620192,8.09044901348115,21.6663142755004,FALSE
Zm00001d001902,5,0.707962429894248,0.50389395051055,1.2118563804048,FALSE
Zm00001d001905,6,3.1674099470625,1.14421964278868,4.31162958985118,FALSE
Zm00001d001906,6,0.669293644157298,1.43333331194662,2.10262695610392,FALSE
Zm00001d001908,3,19.3731064486757,10.1883212413815,29.5614276900572,TRUE
Zm00001d001909,1,5.60509977782696,5.0955621083965,10.7006618862235,FALSE
Zm00001d001910,3,3.33759136319663,2.4574848934537,5.79507625665033,FALSE
Zm00001d001911,2,12.3107392533734,0.369855208359191,12.6805944617326,FALSE
Zm00001d001913,3,16.2636438867239,5.75280246016499,22.0164463468889,TRUE
Zm00001d001914,1,6.97310547317032,6.05518329474811,13.0282887679184,FALSE
Zm00001d001916,3,0.629390993558564,0.930128047335455,1.55951904089402,FALSE
Zm00001d001924,2,2.42832521583088,1.88603769914638,4.31436291497726,FALSE
Zm00001d001927,6,1.55707707144982,0.780967356873099,2.33804442832292,FALSE
Zm00001d001941,0,0.177087267209801,0.511563611332775,0.688650878542577,FALSE
Zm00001d001944,2,1.21591363941118,0.158882435401419,1.3747960748126,FALSE
Zm00001d001947,2,3.05004628470578,0.818897530026815,3.86894381473259,FALSE
Zm00001d001952,2,0.929842683010582,0.101057238135446,1.03089992114603,FALSE
Zm00001d001959,1,2.13071192399037,4.86466017460819,6.99537209859856,FALSE
Zm00001d001960,4,3.75591926247342,3.49935757815497,7.25527684062839,FALSE
Zm00001d001961,2,0.369368044639193,0.554117632118298,0.923485676757491,FALSE
Zm00001d001964,7,1.63686396113819,2.80434258061223,4.44120654175042,FALSE
Zm00001d001973,1,9.60631809737944,6.34669596092213,15.9530140583016,FALSE
Zm00001d001974,1,8.88933460167372,6.45791263675607,15.3472472384298,FALSE
Zm00001d001976,6,2.51685227265053,1.77955897216704,4.29641124481757,FALSE
Zm00001d001977,2,1.65067535225822,2.62436023891072,4.27503559116893,FALSE
Zm00001d001978,1,3.55276606577603,4.12264261604375,7.67540868181978,FALSE
Zm00001d001979,4,2.90218605218165,9.44495868011735,12.347144732299,FALSE
Zm00001d001980,1,10.9623713942812,5.48852081291401,16.4508922071952,FALSE
Zm00001d001987,1,11.1495903447972,11.5422579587505,22.6918483035477,FALSE
Zm00001d001990,1,1.35030805878448,1.60125040404888,2.95155846283335,FALSE
Zm00001d001993,5,2.74505415739642,3.45486058584872,6.19991474324514,FALSE
Zm00001d001999,1,0.463499464887664,0.758978423184998,1.22247788807266,FALSE
Zm00001d002006,6,5.48496626429939,2.818350321477,8.30331658577639,FALSE
Zm00001d002007,0,0.0978128823741659,0.182553102114578,0.280365984488744,FALSE
Zm00001d002011,2,12.822918793239,0.566770784407771,13.3896895776467,FALSE
Zm00001d002016,2,4.64636038884565,2.13024099601347,6.77660138485912,FALSE
Zm00001d002018,2,0.886262574473572,0.874869110199876,1.76113168467345,FALSE
Zm00001d002019,5,5.57950684465787,9.49511193701322,15.0746187816711,FALSE
Zm00001d002020,4,4.37551276912355,4.28350409664534,8.65901686576889,FALSE
Zm00001d002021,8,3.92927575119715,7.73584540556337,11.6651211567605,FALSE
Zm00001d002022,8,2.52617645173134,4.70170882762443,7.22788527935578,FALSE
Zm00001d002031,2,1.76448870957806,0.0817282329471729,1.84621694252523,FALSE
Zm00001d002032,2,1.94028779309391,0.783986965931244,2.72427475902515,FALSE
Zm00001d002033,2,2.66819318974707,4.60220403664636,7.27039722639344,FALSE
Zm00001d002038,0,0.00505892025160339,0.365343450613326,0.37040237086493,FALSE
Zm00001d002039,1,6.08009674869195,5.92990217092251,12.0099989196145,FALSE
Zm00001d002043,5,0.698806501737249,1.10632127813943,1.80512777987668,FALSE
Zm00001d002046,6,2.44602245137192,2.32663100404383,4.77265345541575,FALSE
Zm00001d002055,4,2.58066846603854,1.8890239161835,4.46969238222203,FALSE
Zm00001d002065,3,2.25454351538302,1.11493126566225,3.36947478104528,FALSE
Zm00001d002069,7,0.0587324825692516,1.78288763186414,1.84162011443339,FALSE
Zm00001d002071,0,0.095418850496106,0.243917445045266,0.339336295541372,FALSE
Zm00001d002072,5,0.427611571847559,0.347024696543849,0.774636268391407,FALSE
Zm00001d002074,0,0.0103968142022372,0.0993703299261444,0.109767144128382,FALSE
Zm00001d002079,6,6.2493140222428,3.7428034402647,9.9921174625075,FALSE
Zm00001d002088,2,4.34397958788283,1.47658164139736,5.82056122928019,FALSE
Zm00001d002090,3,0.971704507037643,1.32651699242645,2.2982214994641,FALSE
Zm00001d002091,1,12.3030141200427,12.1589970579218,24.4620111779645,FALSE
Zm00001d002095,2,2.76302857055081,0.0522159887789897,2.8152445593298,FALSE
Zm00001d002097,1,2.84188998675084,1.63180095057485,4.47369093732569,FALSE
Zm00001d002099,1,3.04108760326553,4.60475745860836,7.64584506187389,FALSE
Zm00001d002100,2,11.9621677639428,0.406925820391779,12.3690935843345,FALSE
Zm00001d002101,2,18.8010073450842,0.464191120196649,19.2651984652809,TRUE
Zm00001d002109,1,1.28064678632591,1.02490266285374,2.30554944917965,FALSE
Zm00001d002119,1,0.422793621228165,0.773920382701311,1.19671400392948,FALSE
Zm00001d002125,2,3.81477868305933,9.37370256483466,13.188481247894,FALSE
Zm00001d002127,2,0.440002979273805,0.175558797605557,0.615561776879362,FALSE
Zm00001d002128,1,10.7674236055015,5.02926525191209,15.7966888574136,FALSE
Zm00001d002131,1,8.06335798184773,4.79461179871244,12.8579697805602,FALSE
Zm00001d002133,6,1.77068684242403,3.68719344513333,5.45788028755736,FALSE
Zm00001d002135,1,6.07835832724711,3.43324604914976,9.51160437639687,FALSE
Zm00001d002139,2,5.09257943797462,0.966806679972767,6.05938611794739,FALSE
Zm00001d002144,2,2.86020839867694,0.377703981312968,3.23791237998991,FALSE
Zm00001d002146,4,2.31390884188985,0.956140167977501,3.27004900986736,FALSE
Zm00001d002147,2,5.3373097875434,2.94891127379714,8.28622106134054,FALSE
Zm00001d002148,8,4.54519007164498,10.9484837931131,15.4936738647581,TRUE
Zm00001d002157,2,5.23776503852639,4.00169661780822,9.2394616563346,FALSE
Zm00001d002159,1,8.9431368964051,4.59408455741824,13.5372214538233,FALSE
Zm00001d002160,1,4.88618134325112,1.65200877582444,6.53819011907557,FALSE
Zm00001d002161,1,4.30440516879954,2.02952104663767,6.33392621543722,FALSE
Zm00001d002168,5,1.93211286111167,0.860913234255106,2.79302609536677,FALSE
Zm00001d002174,2,10.7640337504721,0.325161501163789,11.0891952516359,FALSE
Zm00001d002175,5,2.81424229744618,3.66906584185649,6.48330813930266,FALSE
Zm00001d002178,1,4.21819989436541,3.03133491750463,7.24953481187003,FALSE
Zm00001d002179,2,5.03330331819446,0.424256022103269,5.45755934029773,FALSE
Zm00001d002181,0,0.60307976840872,0.436841577561875,1.03992134597059,FALSE
Zm00001d002184,2,3.20256377411795,0.42852938129818,3.63109315541613,FALSE
Zm00001d002186,5,1.30736729346033,5.74845463382628,7.05582192728661,FALSE
Zm00001d002191,6,1.2168300589251,1.1054737436335,2.32230380255861,FALSE
Zm00001d002198,2,1.50019135860953,0.200175737926381,1.70036709653591,FALSE
Zm00001d002199,2,3.44806857017913,0.176787165366237,3.62485573554537,FALSE
Zm00001d002200,7,0.851272769089453,1.91053245483899,2.76180522392845,FALSE
Zm00001d002208,4,0.565771071674085,0.469559605341786,1.03533067701587,FALSE
Zm00001d002212,2,0.788733683743152,0.166119460817927,0.954853144561079,FALSE
Zm00001d002213,4,3.35075121245682,1.17473161285968,4.5254828253165,FALSE
Zm00001d002216,2,16.4552324607065,0.499867487382087,16.9550999480886,FALSE
Zm00001d002232,4,0.186279312497999,2.85002275910911,3.03630207160711,FALSE
Zm00001d002235,3,17.3458775468578,14.1042024927543,31.4500800396121,TRUE
Zm00001d002238,2,2.13891295880623,0.181473223750438,2.32038618255667,FALSE
Zm00001d002250,1,9.12401185052637,6.46290373045008,15.5869155809765,FALSE
Zm00001d002257,1,11.1180317330726,4.2016197265891,15.3196514596617,FALSE
Zm00001d002258,0,0.200274147728748,0.134746990271713,0.335021138000461,FALSE
Zm00001d002263,3,3.8968713289484,1.36696400808065,5.26383533702905,FALSE
Zm00001d002271,2,2.59174055188507,6.36711631479814,8.95885686668321,FALSE
Zm00001d002279,2,4.01465151421267,0.441487368778163,4.45613888299083,FALSE
Zm00001d002282,5,0.691406484147256,1.03846970579308,1.72987618994033,FALSE
Zm00001d002283,6,6.82036681991842,3.16626778992674,9.98663460984516,TRUE
Zm00001d002285,4,0.69015322749714,3.61821569003523,4.30836891753237,FALSE
Zm00001d002286,5,0.350562095258425,1.26558780702584,1.61614990228427,FALSE
Zm00001d002287,2,0.372966355206921,0.239431772704743,0.612398127911664,FALSE
Zm00001d002288,5,0.153926400699576,0.46016771219158,0.614094112891156,FALSE
Zm00001d002290,2,10.3461505918116,0.774723043776223,11.1208736355878,FALSE
Zm00001d002292,6,4.06512941234876,5.39103125707793,9.45616066942669,FALSE
Zm00001d002302,2,3.42342690622253,0.236835365800406,3.66026227202293,FALSE
Zm00001d002304,4,0.363920629277257,1.3308888194231,1.69480944870036,FALSE
Zm00001d002305,1,7.39515659450901,3.22814283638203,10.623299430891,FALSE
Zm00001d002307,3,0.19177861051248,0.598440336592484,0.790218947104964,FALSE
Zm00001d002309,2,19.0584016191241,0.803502182596237,19.8619038017203,TRUE
Zm00001d002312,2,16.6768630591313,0.570889390465304,17.2477524495966,FALSE
Zm00001d002314,2,2.87647889277123,1.6351213840374,4.51160027680863,FALSE
Zm00001d002315,2,3.76833435381192,3.05020088579429,6.8185352396062,FALSE
Zm00001d002317,1,0.786129224323775,1.64160213188395,2.42773135620773,FALSE
Zm00001d002320,3,0.617918093582744,1.09118741192835,1.70910550551109,FALSE
Zm00001d002326,1,1.94919936287152,1.51237623753921,3.46157560041073,FALSE
Zm00001d002328,2,19.8954559147575,0.38757286520951,20.283028779967,TRUE
Zm00001d002332,2,1.97078987612515,1.55355194513127,3.52434182125642,FALSE
Zm00001d002333,2,8.38146016045383,0.133266712871897,8.51472687332572,FALSE
Zm00001d002346,4,0.9039571155338,1.70471513913516,2.60867225466896,FALSE
Zm00001d002348,1,0.43900126367308,0.938415369312012,1.37741663298509,FALSE
Zm00001d002350,0,0.00206770781547869,0.0548503494977551,0.0569180573132337,FALSE
Zm00001d002351,2,0.717580328177772,0.0416631322689728,0.759243460446744,FALSE
Zm00001d002353,4,0.786675906512645,1.07692246904727,1.86359837555991,FALSE
Zm00001d002360,1,2.32344173363957,1.43536719478189,3.75880892842145,FALSE
Zm00001d002364,6,0.890433078385929,0.493105149780582,1.38353822816651,FALSE
Zm00001d002366,2,2.82159074597208,12.4868713107466,15.3084620567187,FALSE
Zm00001d002367,1,6.01040130974528,7.4323614994506,13.4427628091959,FALSE
Zm00001d002369,7,3.8236513445985,5.9669511122102,9.7906024568087,FALSE
Zm00001d002372,3,1.42897353420925,0.563365093390838,1.99233862760009,FALSE
Zm00001d002378,2,0.796205778149338,0.934622757125664,1.730828535275,FALSE
Zm00001d002383,8,2.67125857371992,4.98050359615872,7.65176216987864,FALSE
Zm00001d002384,2,4.71658246464219,0.142365175022853,4.85894763966504,FALSE
Zm00001d002385,1,11.9991163888733,12.5149866053319,24.5141029942051,FALSE
Zm00001d002391,2,6.86310329726585,2.16779414940724,9.03089744667309,FALSE
Zm00001d002393,2,2.56748787868007,0.641350840004577,3.20883871868465,FALSE
Zm00001d002394,3,1.76064620875104,1.46360920753163,3.22425541628267,FALSE
Zm00001d002396,1,2.25085006960753,1.92550641878222,4.17635648838975,FALSE
Zm00001d002402,3,0.617358270472458,1.18062507844804,1.7979833489205,FALSE
Zm00001d002410,6,5.43051092194456,2.13686120965883,7.56737213160339,FALSE
Zm00001d002411,2,9.94580360241862,0.710633485058795,10.6564370874774,FALSE
Zm00001d002414,0,0.0703779226041286,0.356559368640867,0.426937291244995,FALSE
Zm00001d002416,2,1.61898860554714,0.456822451714497,2.07581105726163,FALSE
Zm00001d002422,5,1.36900467364929,1.57660145620021,2.9456061298495,FALSE
Zm00001d002425,2,19.0266355012292,0.61097703856468,19.6376125397939,TRUE
Zm00001d002432,2,0.737521739960587,0.101403967610756,0.838925707571343,FALSE
Zm00001d002433,3,11.4198689729305,4.3803087044159,15.8001776773464,FALSE
Zm00001d002435,6,0.803526660776998,0.492143200068239,1.29566986084524,FALSE
Zm00001d002436,1,5.28019863451656,4.56939713252685,9.84959576704342,FALSE
Zm00001d002437,1,1.08634948924566,0.994189125753491,2.08053861499915,FALSE
Zm00001d002440,1,1.23332100488036,1.85516904128464,3.088490046165,FALSE
Zm00001d002441,1,7.04077546679048,3.33018596119759,10.3709614279881,FALSE
Zm00001d002444,2,11.9077158485948,0.0993993447581989,12.007115193353,FALSE
Zm00001d002446,2,0.351517105398322,0.320643860295656,0.672160965693978,FALSE
Zm00001d002452,4,4.70495501808784,2.61150255628782,7.31645757437567,FALSE
Zm00001d002454,4,3.74506991866362,2.16804974067394,5.91311965933755,FALSE
Zm00001d002455,2,7.13545389461788,0.362742799608775,7.49819669422665,FALSE
Zm00001d002457,2,16.9618530075766,0.132515307507159,17.0943683150838,FALSE
Zm00001d002461,2,1.54658725468977,1.40308168673147,2.94966894142124,FALSE
Zm00001d002465,8,2.21585694293488,2.71601590545298,4.93187284838786,FALSE
Zm00001d002476,0,0.0239194869089371,0.504219699760562,0.528139186669499,FALSE
Zm00001d002481,2,1.92033617543485,0.157699218215487,2.07803539365034,FALSE
Zm00001d002488,1,1.38863808712235,0.730814434565853,2.1194525216882,FALSE
Zm00001d002489,2,3.84413467446711,1.67564569080513,5.51978036527224,FALSE
Zm00001d002491,6,2.64068840271948,1.41193339536642,4.0526217980859,FALSE
Zm00001d002494,5,2.41783642659346,2.77464375095424,5.1924801775477,FALSE
Zm00001d002496,4,5.16015600897203,0.541260435529438,5.70141644450147,FALSE
Zm00001d002497,0,0.104665840517737,0.141171818835531,0.245837659353268,FALSE
Zm00001d002498,1,0.208848181845542,0.324222995634524,0.533071177480066,FALSE
Zm00001d002503,1,0.279179806251254,1.08902521669196,1.36820502294322,FALSE
Zm00001d002505,2,1.92330790903791,0.78751770316005,2.71082561219796,FALSE
Zm00001d002507,0,0.0354622896489102,0.213223052338755,0.248685341987665,FALSE
Zm00001d002511,1,12.7351852892166,8.86283340133687,21.5980186905534,FALSE
Zm00001d002512,7,5.62205931020218,7.47583221131724,13.0978915215194,TRUE
Zm00001d002514,2,8.53855476819048,0.293058834641835,8.83161360283231,FALSE
Zm00001d002519,4,4.44103471206277,1.21479884352463,5.6558335555874,FALSE
Zm00001d002520,6,1.40741146763724,0.718246677301938,2.12565814493917,FALSE
Zm00001d002521,1,3.00933625548391,1.85448965207592,4.86382590755982,FALSE
Zm00001d002522,1,0.148493868229924,0.629438850173841,0.777932718403765,FALSE
Zm00001d002524,4,6.64241663235101,5.65616639902802,12.298583031379,FALSE
Zm00001d002532,4,0.80930309676029,1.94104244277586,2.75034553953615,FALSE
Zm00001d002536,5,0.367469778511009,0.664514449029672,1.03198422754068,FALSE
Zm00001d002541,5,8.98515849035493,3.77507146781473,12.7602299581697,TRUE
Zm00001d002542,5,0.57374312993889,0.279220376407954,0.852963506346844,FALSE
Zm00001d002545,0,0.0163015482215778,0.129849873466151,0.146151421687729,FALSE
Zm00001d002548,4,11.206983558142,4.50887877244601,15.715862330588,TRUE
Zm00001d002549,6,0.177257913849722,0.176005755868538,0.353263669718261,FALSE
Zm00001d002550,7,1.34946722259255,2.74531191378552,4.09477913637807,FALSE
Zm00001d002556,5,3.29539305300119,2.84052396706797,6.13591702006916,FALSE
Zm00001d002557,5,6.79570400071035,3.79074089220581,10.5864448929162,TRUE
Zm00001d002560,0,0.333062588253926,0.432260668970966,0.765323257224893,FALSE
Zm00001d002565,4,0.318299446936302,2.13048890445701,2.44878835139331,FALSE
Zm00001d002568,1,9.00931954998119,4.58738701517928,13.5967065651605,FALSE
Zm00001d002569,3,0.457189812018343,0.863802440562802,1.32099225258115,FALSE
Zm00001d002573,6,1.41914221576213,3.84462175131922,5.26376396708136,FALSE
Zm00001d002576,1,0.484298621762153,0.415551185579001,0.899849807341154,FALSE
Zm00001d002577,2,1.74636691211108,0.443600168451393,2.18996708056248,FALSE
Zm00001d002579,6,0.49144759328977,0.576650993276332,1.0680985865661,FALSE
Zm00001d002584,1,2.69582506912043,0.887175339644033,3.58300040876446,FALSE
Zm00001d002592,0,0.0196228759235707,0.0867106085695249,0.106333484493096,FALSE
Zm00001d002594,6,4.49447881974703,1.02928433307555,5.52376315282258,FALSE
Zm00001d002595,3,15.1146520595892,7.14082931786787,22.255481377457,TRUE
Zm00001d002597,3,3.55242975258315,1.9600853460747,5.51251509865785,FALSE
Zm00001d002598,3,6.4182063931141,3.76043468813956,10.1786410812537,FALSE
Zm00001d002602,1,2.81679089843306,2.00771064097234,4.82450153940541,FALSE
Zm00001d002603,1,17.1497947210855,11.7494211921446,28.8992159132301,TRUE
Zm00001d002610,2,4.23468563187797,1.5718283597094,5.80651399158737,FALSE
Zm00001d002611,2,6.81336871172615,1.44783566627884,8.26120437800499,FALSE
Zm00001d002613,2,1.22512378426708,0.860318749628817,2.0854425338959,FALSE
Zm00001d002614,2,4.21484097824382,0.553505550991964,4.76834652923578,FALSE
Zm00001d002616,1,14.3013599334835,6.12384785642828,20.4252077899118,FALSE
Zm00001d002617,1,19.3016196349102,9.0663531260732,28.3679727609834,TRUE
Zm00001d002621,1,14.6107038065748,6.31085627682954,20.9215600834044,TRUE
Zm00001d002623,5,0.339464600320456,0.575222735814999,0.914687336135455,FALSE
Zm00001d002625,7,2.30479419849147,3.62804161456092,5.93283581305239,FALSE
Zm00001d002629,4,3.87924379536925,6.9751821580188,10.8544259533881,FALSE
Zm00001d002630,5,3.82120604360576,3.02424514551779,6.84545118912355,FALSE
Zm00001d002639,1,12.5408578363128,7.109455201785,19.6503130380978,FALSE
Zm00001d002640,1,19.4210303989224,11.1546819852706,30.575712384193,TRUE
Zm00001d002641,8,0.367500118739631,1.30691270213832,1.67441282087795,FALSE
Zm00001d002642,6,0.821952439808521,1.11279509123829,1.93474753104681,FALSE
Zm00001d002649,4,0.190365187114423,2.56216326694228,2.7525284540567,FALSE
Zm00001d002650,4,0.160047411605467,0.403793891930454,0.563841303535922,FALSE
Zm00001d002663,1,15.6992078903884,8.39084485841523,24.0900527488036,TRUE
Zm00001d002668,1,7.33410140547964,3.65924235669159,10.9933437621712,FALSE
Zm00001d002675,5,3.19185498413701,2.66912668357487,5.86098166771188,FALSE
Zm00001d002680,3,11.1800701883964,6.66300534582431,17.8430755342207,FALSE
Zm00001d002682,3,1.74892830137827,2.88026665143067,4.62919495280894,FALSE
Zm00001d002687,4,6.11063691335769,2.18393307141008,8.29456998476776,FALSE
Zm00001d002690,3,12.944659900325,8.80689674571266,21.7515566460377,FALSE
Zm00001d002691,0,0.66186869442451,0.864444523080674,1.52631321750518,FALSE
Zm00001d002693,1,1.72734866201421,1.06119099198729,2.7885396540015,FALSE
Zm00001d002694,1,15.3489036551413,8.60603907157168,23.954942726713,TRUE
Zm00001d002695,6,0.579804355024369,1.20647968686023,1.7862840418846,FALSE
Zm00001d002698,5,1.65409449857212,1.50252502186289,3.15661952043501,FALSE
Zm00001d002699,5,8.75413628683498,8.35650931921485,17.1106456060498,TRUE
Zm00001d002700,3,8.80865659884828,6.29221863484126,15.1008752336895,FALSE
Zm00001d002704,7,1.10433246038449,2.90821272501136,4.01254518539585,FALSE
Zm00001d002705,4,0.401585679939899,1.61237294998056,2.01395862992046,FALSE
Zm00001d002707,2,1.32119153773119,0.14506973404125,1.46626127177244,FALSE
Zm00001d002708,3,0.150759627084581,0.461441119975592,0.612200747060172,FALSE
Zm00001d002711,3,16.3267752179489,6.54436092845492,22.8711361464038,TRUE
Zm00001d002712,4,3.53894409664211,6.38731269739818,9.92625679404029,FALSE
Zm00001d002725,7,4.29848537841451,6.27664923127847,10.575134609693,FALSE
Zm00001d002727,3,1.90279209283645,2.18647661740248,4.08926871023893,FALSE
Zm00001d002731,0,0.14455778516467,0.515320114627175,0.659877899791845,FALSE
Zm00001d002735,2,4.65926548715321,1.01382320483852,5.67308869199173,FALSE
Zm00001d002736,8,2.7925514770269,6.48761023889594,9.28016171592284,FALSE
Zm00001d002738,4,10.4552888569025,6.47267841286211,16.9279672697646,TRUE
Zm00001d002740,4,0.206824324265819,0.547045059683423,0.753869383949242,FALSE
Zm00001d002741,1,4.25158268986213,2.62535984326148,6.87694253312361,FALSE
Zm00001d002743,8,4.21261919594273,6.26721375785229,10.479832953795,TRUE
Zm00001d002751,3,3.06366311418683,2.1185014242386,5.18216453842544,FALSE
Zm00001d002754,6,0.814651035756973,0.615764709582005,1.43041574533898,FALSE
Zm00001d002755,4,2.66022086738322,2.33468267589654,4.99490354327976,FALSE
Zm00001d002756,3,3.15327594705962,2.19201140457346,5.34528735163307,FALSE
Zm00001d002758,3,7.86355417831017,3.30239088989724,11.1659450682074,FALSE
Zm00001d002760,4,2.28706849425218,1.8711441459157,4.15821264016788,FALSE
Zm00001d002761,4,6.2395878097144,3.20676185000625,9.44634965972065,FALSE
Zm00001d002770,3,7.92984841665041,9.85128863752167,17.7811370541721,FALSE
Zm00001d002772,4,0.796268928049574,1.78682281611863,2.58309174416821,FALSE
Zm00001d002773,4,4.5395652042555,0.75518920726738,5.29475441152288,FALSE
Zm00001d002775,6,1.07924484076252,1.55261433083284,2.63185917159536,FALSE
Zm00001d002776,5,3.85020319914351,3.92332616936049,7.773529368504,FALSE
Zm00001d002778,3,8.79183945890284,17.8471900687077,26.6390295276106,FALSE
Zm00001d002783,4,0.919560988563095,0.19838309852339,1.11794408708648,FALSE
Zm00001d002788,3,3.82296793474076,3.15078346232097,6.97375139706173,FALSE
Zm00001d002790,1,1.37976644743748,1.2154093949182,2.59517584235568,FALSE
Zm00001d002798,6,5.87183813745162,3.46927254014672,9.34111067759834,FALSE
Zm00001d002803,4,2.83370339565551,3.2113083042518,6.04501169990731,FALSE
Zm00001d002806,3,6.53378363152418,4.57994182686653,11.1137254583907,FALSE
Zm00001d002809,3,1.59802024637911,0.867863840560249,2.46588408693936,FALSE
Zm00001d002810,7,6.1196908730442,8.1765290372154,14.2962199102596,TRUE
Zm00001d002811,1,3.97096506975979,3.21323775821547,7.18420282797527,FALSE
Zm00001d002814,3,4.89766457497136,2.58876802199236,7.48643259696372,FALSE
Zm00001d002815,1,0.121430956396532,0.130337297421537,0.251768253818069,FALSE
Zm00001d002817,4,1.7978385990842,1.17097048090991,2.96880907999411,FALSE
Zm00001d002821,4,0.108043053237033,0.238418645572156,0.346461698809189,FALSE
Zm00001d002823,1,3.53344390891668,1.48063779543104,5.01408170434773,FALSE
Zm00001d002824,7,6.12706034420768,5.73608859892563,11.8631489431333,TRUE
Zm00001d002825,6,3.56997116759687,1.27713305912731,4.84710422672419,FALSE
Zm00001d002826,4,2.95220664855672,4.4419296995241,7.39413634808082,FALSE
Zm00001d002830,5,0.906851348483279,0.529976268293282,1.43682761677656,FALSE
Zm00001d002834,0,0.0180786555236846,0.176906564599094,0.194985220122778,FALSE
Zm00001d002837,3,2.59973091407429,1.38278522069574,3.98251613477003,FALSE
Zm00001d002844,0,0.0414450783123271,0.0949759127650894,0.136420991077416,FALSE
Zm00001d002845,2,0.871839766756522,4.06350402068775,4.93534378744427,FALSE
Zm00001d002847,0,0.0691003204066231,0.114370384837439,0.183470705244062,FALSE
Zm00001d002848,1,11.2376543523344,5.31032860758207,16.5479829599165,FALSE
Zm00001d002850,4,3.46820738884868,2.70531716677535,6.17352455562403,FALSE
Zm00001d002853,1,4.04081194859099,3.66903705387002,7.70984900246101,FALSE
Zm00001d002854,8,0.539209715119291,1.37100021587559,1.91020993099488,FALSE
Zm00001d002856,8,1.27270163629067,3.04865561636855,4.32135725265922,FALSE
Zm00001d002871,2,0.543279683551775,0.59286840412679,1.13614808767857,FALSE
Zm00001d002875,2,1.26225899951039,0.221243922623884,1.48350292213428,FALSE
Zm00001d002876,3,6.53158323395567,3.91136056609631,10.442943800052,FALSE
Zm00001d002878,3,6.62118474461099,2.83866701509619,9.45985175970719,FALSE
Zm00001d002884,6,0.843016654966522,1.55957082428423,2.40258747925075,FALSE
Zm00001d002896,3,3.24281560729695,3.55247987227588,6.79529547957283,FALSE
Zm00001d002900,3,1.31857114617791,1.12091900559538,2.43949015177328,FALSE
Zm00001d002901,3,2.0664523699751,1.18092674172223,3.24737911169733,FALSE
Zm00001d002904,4,2.24781199692625,2.06287439194311,4.31068638886936,FALSE
Zm00001d002905,6,1.94375581255021,0.851613060556204,2.79536887310641,FALSE
Zm00001d002934,4,7.25524885565837,4.42644572935503,11.6816945850134,FALSE
Zm00001d002938,1,19.3077827352549,7.30537282636955,26.6131555616245,TRUE
Zm00001d002939,7,3.53706954473921,10.0254653434148,13.562534888154,FALSE
Zm00001d002944,4,6.68595771063232,8.39426752776527,15.0802252383976,FALSE
Zm00001d002946,3,13.9856253537025,8.09191442158313,22.0775397752856,FALSE
Zm00001d002949,2,3.12164296130466,0.287099268166798,3.40874222947146,FALSE
Zm00001d002952,6,0.205428871467339,0.518432632153558,0.723861503620897,FALSE
Zm00001d002956,7,1.77462386594703,4.35449599675011,6.12911986269713,FALSE
Zm00001d002960,5,0.815893906153852,1.12381419291059,1.93970809906445,FALSE
Zm00001d002962,3,4.92315126670336,3.3510327504669,8.27418401717027,FALSE
Zm00001d002965,6,6.40913040487279,2.49894701052137,8.90807741539416,FALSE
Zm00001d002967,2,0.884081307193644,0.831558412034633,1.71563971922828,FALSE
Zm00001d002970,8,0.070071125503778,0.616334316842294,0.686405442346072,FALSE
Zm00001d002974,3,0.847021579614956,0.690186763859048,1.537208343474,FALSE
Zm00001d002979,2,5.07664097108266,0.394321805911291,5.47096277699395,FALSE
Zm00001d002984,1,0.628231693816701,0.77506690464898,1.40329859846568,FALSE
Zm00001d002989,4,1.03972222444874,0.829864488781063,1.8695867132298,FALSE
Zm00001d003002,3,1.26043030603038,2.07632548912415,3.33675579515452,FALSE
Zm00001d003003,1,5.06537930691687,1.73020678005874,6.79558608697561,FALSE
Zm00001d003005,3,5.29089572184575,6.49416465701654,11.7850603788623,FALSE
Zm00001d003006,3,10.3411581658753,11.0027158415158,21.3438740073912,FALSE
Zm00001d003009,6,6.85210972988756,3.277581450954,10.1296911808416,TRUE
Zm00001d003012,6,0.849538297179354,1.32666849455911,2.17620679173846,FALSE
Zm00001d003013,1,3.83586675349859,2.90206695276416,6.73793370626276,FALSE
Zm00001d003016,4,1.3744917398025,1.80849917575076,3.18299091555326,FALSE
Zm00001d003017,3,14.0238388013895,6.36878833645515,20.3926271378446,FALSE
Zm00001d003019,5,2.1364064788863,5.25550115502609,7.39190763391239,FALSE
Zm00001d003020,0,0.137284545672528,0.313183986559817,0.450468532232345,FALSE
Zm00001d003021,1,10.3584123170265,8.29329179449673,18.6517041115233,FALSE
Zm00001d003023,5,4.03200743211909,3.82512488929529,7.85713232141437,FALSE
Zm00001d003027,1,0.370940461322663,0.567375963527541,0.938316424850204,FALSE
Zm00001d003034,3,16.0932166704341,10.0665352411359,26.1597519115699,TRUE
Zm00001d003035,3,3.77736194458815,3.11197926542082,6.88934121000897,FALSE
Zm00001d003037,1,9.84475381507272,7.53974195906616,17.3844957741389,FALSE
Zm00001d003038,0,0.281269841771131,0.423313458636752,0.704583300407884,FALSE
Zm00001d003039,4,9.36402752317944,8.06479511341205,17.4288226365915,FALSE
Zm00001d003041,8,2.14736285045492,4.30193902111782,6.44930187157275,FALSE
Zm00001d003044,3,12.5019248298355,6.03171022178034,18.5336350516158,FALSE
Zm00001d003057,4,3.84803605432139,3.41132260831206,7.25935866263345,FALSE
Zm00001d003059,2,1.74653168853018,0.309142543206302,2.05567423173648,FALSE
Zm00001d003064,6,0.965019927577246,3.42232896864755,4.38734889622479,FALSE
Zm00001d003067,3,13.7732181868553,5.58678531913686,19.3600035059922,FALSE
Zm00001d003068,6,3.60605692563409,3.09500836916189,6.70106529479598,FALSE
Zm00001d003069,5,4.39293870355815,3.63363022552139,8.02656892907953,FALSE
Zm00001d003070,6,0.801170968642386,0.306554605417867,1.10772557406025,FALSE
Zm00001d003085,4,0.464134853161404,0.400959528899244,0.865094382060647,FALSE
Zm00001d003086,0,0.00673733900975229,0.027386036704821,0.0341233757145733,FALSE
Zm00001d003099,0,0.182984827776812,1.38893317062451,1.57191799840132,FALSE
Zm00001d003102,5,0.238767732976954,0.739512499857368,0.978280232834322,FALSE
Zm00001d003103,6,5.19554357965222,1.70181413194573,6.89735771159795,FALSE
Zm00001d003108,1,9.69227427714988,7.82069495110092,17.5129692282508,FALSE
Zm00001d003112,5,1.03059626570788,2.55547392717215,3.58607019288004,FALSE
Zm00001d003114,7,5.13693827851425,11.0303666805874,16.1673049591016,FALSE
Zm00001d003115,6,0.901281795184132,0.671995834769571,1.5732776299537,FALSE
Zm00001d003116,3,0.363352282956013,1.68710414305687,2.05045642601289,FALSE
Zm00001d003118,0,0.795402323136879,0.439900615121499,1.23530293825838,FALSE
Zm00001d003120,0,1.28888799048691,1.41547206212017,2.70436005260708,TRUE
Zm00001d003128,1,4.90176468613148,4.16651977508806,9.06828446121954,FALSE
Zm00001d003136,2,10.3693347575877,0.5260254547056,10.8953602122933,FALSE
Zm00001d003140,2,1.34681152046066,4.10941169176773,5.45622321222839,FALSE
Zm00001d003141,2,23.3259608703668,0.532270925137023,23.8582317955038,TRUE
Zm00001d003142,2,1.40897784075711,0.673872038705136,2.08284987946225,FALSE
Zm00001d003143,4,0.743051791126853,6.21909473036584,6.9621465214927,FALSE
Zm00001d003145,0,0.949231142605759,0.835524653940734,1.78475579654649,FALSE
Zm00001d003146,2,9.03694626703144,0.136423303355704,9.17336957038714,FALSE
Zm00001d003148,3,13.681644361438,4.41286433541268,18.0945086968506,FALSE
Zm00001d003153,3,16.9503657580979,6.51079915634791,23.4611649144459,TRUE
Zm00001d003155,3,15.8724810242921,7.39584400678506,23.2683250310772,TRUE
Zm00001d003157,3,2.43266967976129,1.60516437383712,4.03783405359841,FALSE
Zm00001d003160,6,0.474319379486353,0.673341097414003,1.14766047690036,FALSE
Zm00001d003162,6,1.93100703321191,0.899121658477614,2.83012869168952,FALSE
Zm00001d003167,3,17.6957963602878,12.9502265567756,30.6460229170634,TRUE
Zm00001d003168,2,10.5025066141754,0.452405118240492,10.9549117324159,FALSE
Zm00001d003174,4,0.282427483552846,1.01992489205382,1.30235237560667,FALSE
Zm00001d003181,3,0.99192334124429,0.936140487550457,1.92806382879475,FALSE
Zm00001d003182,1,12.6835862875422,13.3328949904672,26.0164812780095,FALSE
Zm00001d003184,4,12.2730802744401,6.03735842809504,18.3104387025351,TRUE
Zm00001d003186,4,4.91130721553111,1.3926295707714,6.30393678630251,FALSE
Zm00001d003187,4,11.0783871285717,8.33260901531197,19.4109961438837,TRUE
Zm00001d003188,0,0.718418439666548,0.387050712016066,1.10546915168261,FALSE
Zm00001d003195,7,2.93007251403216,4.58515379461527,7.51522630864743,FALSE
Zm00001d003198,4,8.86231495870631,16.5661654065388,25.4284803652451,FALSE
Zm00001d003200,7,6.4448032680932,5.88497963933371,12.3297829074269,TRUE
Zm00001d003202,2,0.253125147703342,0.0461373642895464,0.299262511992889,FALSE
Zm00001d003203,1,12.0756616654548,8.01040115240299,20.0860628178578,FALSE
Zm00001d003209,2,1.06400578049556,0.428353396606878,1.49235917710244,FALSE
Zm00001d003210,2,2.64930824845406,0.711482757112747,3.36079100556681,FALSE
Zm00001d003214,3,17.756090872941,8.89043704989324,26.6465279228343,TRUE
Zm00001d003222,1,16.6481164437539,6.02518207587836,22.6732985196322,TRUE
Zm00001d003228,6,4.01181769906266,3.67023823502605,7.68205593408871,FALSE
Zm00001d003229,0,0.0551878463098537,0.174716015179211,0.229903861489065,FALSE
Zm00001d003242,4,3.18346353460316,3.21470740813304,6.3981709427362,FALSE
Zm00001d003247,7,0.919294347076595,3.1876469976494,4.106941344726,FALSE
Zm00001d003250,1,3.95870446894815,2.35950710188324,6.31821157083139,FALSE
Zm00001d003252,3,0.92347028263832,1.80932238264424,2.73279266528256,FALSE
Zm00001d003258,4,4.31110760009734,3.11168769452535,7.42279529462269,FALSE
Zm00001d003262,6,0.968743517273342,1.26918580971197,2.23792932698531,FALSE
Zm00001d003264,5,3.49106320157033,2.23277914179472,5.72384234336505,FALSE
Zm00001d003265,3,16.5034082441746,5.81238058472688,22.3157888289015,TRUE
Zm00001d003271,3,5.20052657390975,4.787373051069,9.98789962497875,FALSE
Zm00001d003275,1,3.9472203661449,4.54929123161664,8.49651159776154,FALSE
Zm00001d003280,0,0.155763849151329,0.4254607423807,0.581224591532029,FALSE
Zm00001d003281,4,1.17371166274566,0.671183540261962,1.84489520300762,FALSE
Zm00001d003292,8,3.21362290067816,4.97012470430402,8.18374760498218,FALSE
Zm00001d003296,4,6.04040247145518,5.00442000119348,11.0448224726487,FALSE
Zm00001d003297,5,1.21019071538866,0.811451974761212,2.02164269014987,FALSE
Zm00001d003300,5,1.71373791570609,2.33592086997261,4.0496587856787,FALSE
Zm00001d003301,2,1.08178532519468,0.648816373287711,1.73060169848239,FALSE
Zm00001d003304,2,0.855631527555562,0.906068239354764,1.76169976691033,FALSE
Zm00001d003306,4,6.04582844655747,8.9118358319433,14.9576642785008,FALSE
Zm00001d003309,5,1.54014174295177,2.04963026848769,3.58977201143946,FALSE
Zm00001d003311,0,0.125449419438783,0.263749807260987,0.38919922669977,FALSE
Zm00001d003312,2,10.1977947052505,3.1138788385293,13.3116735437798,FALSE
Zm00001d003314,6,0.636059937214995,0.464012901245165,1.10007283846016,FALSE
Zm00001d003315,6,1.78619457392201,0.535332150256019,2.32152672417803,FALSE
Zm00001d003316,5,3.89143608533151,1.43953646572376,5.33097255105527,FALSE
Zm00001d003317,4,12.5704924561004,6.37629230241956,18.94678475852,TRUE
Zm00001d003319,5,5.05563367996636,4.35622758763379,9.41186126760015,FALSE
Zm00001d003320,5,3.46004080635212,2.51043134730079,5.97047215365291,FALSE
Zm00001d003331,0,0.0361878712356901,0.153491886240422,0.189679757476112,FALSE
Zm00001d003333,7,4.69338463688537,4.79162810839945,9.48501274528482,FALSE
Zm00001d003334,3,2.59283789061712,1.89644643257171,4.48928432318882,FALSE
Zm00001d003347,4,1.0431266095305,1.16170441999608,2.20483102952658,FALSE
Zm00001d003356,4,2.61908128142466,1.15483174729058,3.77391302871524,FALSE
Zm00001d003357,0,0.0035221350324363,0.0145939724902661,0.0181161075227024,FALSE
Zm00001d003358,2,0.848697584295036,0.410068815412359,1.25876639970739,FALSE
Zm00001d003367,0,1.09629291949295,0.239080598709813,1.33537351820277,TRUE
Zm00001d003369,1,10.0811552703841,5.63250795947042,15.7136632298545,FALSE
Zm00001d003376,1,4.94742683197375,3.9947214958271,8.94214832780085,FALSE
Zm00001d003377,5,6.1062769645744,1.72550131517437,7.83177827974877,FALSE
Zm00001d003390,1,0.990893455069123,1.48191478291155,2.47280823798067,FALSE
Zm00001d003393,3,8.33623613037712,7.63509783487534,15.9713339652525,FALSE
Zm00001d003394,1,20.9170636567042,11.4656170571942,32.3826807138984,TRUE
Zm00001d003395,8,3.48413125708135,12.0161541966476,15.5002854537289,FALSE
Zm00001d003398,2,0.188290291523336,0.287319229783611,0.475609521306947,FALSE
Zm00001d003401,1,3.53830803728525,1.68137510476919,5.21968314205444,FALSE
Zm00001d003403,2,1.20696684618911,0.662268174814761,1.86923502100387,FALSE
Zm00001d003408,3,0.771094577634462,0.78043469570475,1.55152927333921,FALSE
Zm00001d003409,6,1.68766998075069,1.35950585786841,3.0471758386191,FALSE
Zm00001d003411,0,0.041640109721361,0.3893207177158,0.430960827437161,FALSE
Zm00001d003412,4,1.20489237999038,1.58419821513509,2.78909059512546,FALSE
Zm00001d003414,8,2.0296817853713,6.59830109577798,8.62798288114928,FALSE
Zm00001d003417,5,2.86948529392257,1.41540483408918,4.28489012801175,FALSE
Zm00001d003418,5,3.24327415737191,4.88878858291877,8.13206274029068,FALSE
Zm00001d003419,8,0.196059330703816,0.683505896474449,0.879565227178264,FALSE
Zm00001d003426,2,1.40053772468786,0.588346790791763,1.98888451547963,FALSE
Zm00001d003429,2,0.539890530205275,0.53831597327646,1.07820650348173,FALSE
Zm00001d003431,3,1.18217608626309,1.94796953650336,3.13014562276645,FALSE
Zm00001d003432,5,1.87172021428306,1.97998994080859,3.85171015509165,FALSE
Zm00001d003435,0,0.644627569645406,0.992827867684349,1.63745543732975,FALSE
Zm00001d003436,4,8.28541822768946,5.52392467727406,13.8093429049635,FALSE
Zm00001d003438,0,0.082480072946919,0.411038218057535,0.493518291004454,FALSE
Zm00001d003439,2,0.275180412140652,0.687504619064737,0.962685031205389,FALSE
Zm00001d003445,2,23.1502216575345,0.194104019269513,23.344325676804,TRUE
Zm00001d003447,5,5.25972247703581,4.11568923218862,9.37541170922443,FALSE
Zm00001d003451,6,4.38060723249199,9.78485654408222,14.1654637765742,FALSE
Zm00001d003457,5,0.871016322266003,2.00820204771809,2.87921836998409,FALSE
Zm00001d003463,6,0.885704666167984,0.676433893869604,1.56213856003759,FALSE
Zm00001d003468,2,0.747369858318767,0.90994071697462,1.65731057529339,FALSE
Zm00001d003470,7,4.46331653723741,6.4819621145805,10.9452786518179,FALSE
Zm00001d003483,5,9.0484063328142,5.58948202428799,14.6378883571022,TRUE
Zm00001d003485,6,8.29900721375736,2.40888836643137,10.7078955801887,TRUE
Zm00001d003495,7,0.62965383764695,1.39007471193197,2.01972854957892,FALSE
Zm00001d003501,8,1.62833512753699,3.33035981390305,4.95869494144005,FALSE
Zm00001d003505,0,0.0640491111144686,0.146311490551086,0.210360601665555,FALSE
Zm00001d003508,7,1.06492057669895,1.23976052810442,2.30468110480338,FALSE
Zm00001d003509,7,3.36217406094299,2.85466913726474,6.21684319820773,FALSE
Zm00001d003510,4,7.22251269477535,3.30138569951502,10.5238983942904,FALSE
Zm00001d003519,2,5.6004116267642,1.3715044147715,6.9719160415357,FALSE
Zm00001d003521,0,0.109037462011645,0.170631675994526,0.279669138006171,FALSE
Zm00001d003522,4,4.40087172500045,1.80042310194898,6.20129482694943,FALSE
Zm00001d003524,4,0.243499869082924,0.251385088317333,0.494884957400257,FALSE
Zm00001d003530,0,0.0158948858054593,0.00808618830814009,0.0239810741135994,FALSE
Zm00001d003538,7,4.46243928194298,2.95293775484544,7.41537703678843,FALSE
Zm00001d003544,4,2.29562383161307,8.94107090621062,11.2366947378237,FALSE
Zm00001d003545,6,3.8986051874083,1.6259136994593,5.52451888686759,FALSE
Zm00001d003549,2,0.33543286653406,0.0730430757098263,0.408475942243887,FALSE
Zm00001d003550,0,0.1245099674644,0.763080401544541,0.887590369008941,FALSE
Zm00001d003553,0,0.371401488982934,0.353418019903902,0.724819508886837,FALSE
Zm00001d003554,0,0.0124292542147689,0.0965962117093295,0.109025465924098,FALSE
Zm00001d003555,2,0.786959224369418,0.775214634160253,1.56217385852967,FALSE
Zm00001d003559,0,0.049916263932335,0.0370419539567511,0.0869582178890861,FALSE
Zm00001d003563,4,12.050028172733,6.41997953370002,18.4700077064331,TRUE
Zm00001d003571,5,0.694844060326398,0.665496555364473,1.36034061569087,FALSE
Zm00001d003572,3,0.196132244567046,0.678870989268825,0.875003233835871,FALSE
Zm00001d003575,5,2.41297369674411,4.33793453188553,6.75090822862965,FALSE
Zm00001d003583,4,11.0569030078329,3.93498224434672,14.9918852521797,TRUE
Zm00001d003584,1,6.15781412504594,4.88067993965239,11.0384940646983,FALSE
Zm00001d003590,3,19.3281027181034,6.49286639011817,25.8209691082215,TRUE
Zm00001d003593,1,5.31966012254947,5.39811267110697,10.7177727936564,FALSE
Zm00001d003598,4,9.75402719701069,7.30445394369268,17.0584811407034,FALSE
Zm00001d003606,3,0.767293708141193,0.923282982113193,1.69057669025439,FALSE
Zm00001d003607,5,0.277137143626558,0.894561007033151,1.17169815065971,FALSE
Zm00001d003614,8,1.56621294839704,4.82772887396691,6.39394182236395,FALSE
Zm00001d003616,3,1.28239832401773,0.944266638515584,2.22666496253331,FALSE
Zm00001d003620,3,0.64856067277202,1.20502303391303,1.85358370668505,FALSE
Zm00001d003621,1,4.44149863358384,5.44239127919829,9.88388991278214,FALSE
Zm00001d003630,2,0.1678681708261,0.287277191645888,0.455145362471988,FALSE
Zm00001d003631,6,4.09309078084434,0.523439708941779,4.61653048978612,FALSE
Zm00001d003632,6,3.5973997430881,3.56826255638373,7.16566229947183,FALSE
Zm00001d003635,4,0.973434360527287,1.86595594699841,2.8393903075257,FALSE
Zm00001d003638,2,2.28177491595485,0.353006308098284,2.63478122405314,FALSE
Zm00001d003645,6,0.12576567034638,0.196020878976769,0.321786549323149,FALSE
Zm00001d003646,3,12.6788316463958,6.88121644280892,19.5600480892048,FALSE
Zm00001d003649,1,2.78887564323978,3.28238677616619,6.07126241940596,FALSE
Zm00001d003650,3,1.66929120465642,1.08557534726312,2.75486655191955,FALSE
Zm00001d003654,7,4.16136190515246,7.23162295572376,11.3929848608762,FALSE
Zm00001d003655,1,5.64986477028673,4.10901001044503,9.75887478073175,FALSE
Zm00001d003657,3,3.42110263467424,2.6080680923237,6.02917072699795,FALSE
Zm00001d003660,3,8.79647479594429,2.76203752911492,11.5585123250592,FALSE
Zm00001d003664,1,5.55880765724987,4.83658147789252,10.3953891351424,FALSE
Zm00001d003666,5,2.1800901789417,5.3472562249354,7.52734640387711,FALSE
Zm00001d003667,7,3.59478587061569,12.0045299316375,15.5993158022532,FALSE
Zm00001d003669,3,0.480120300999485,0.562751738274642,1.04287203927413,FALSE
Zm00001d003670,6,1.43681941530201,5.50531362265917,6.94213303796118,FALSE
Zm00001d003673,5,0.360537941635651,0.707014617271361,1.06755255890701,FALSE
Zm00001d003674,3,11.2928735166717,15.2768840809047,26.5697575975764,FALSE
Zm00001d003675,2,1.01103695309297,1.73911304198337,2.75014999507635,FALSE
Zm00001d003676,5,7.53835794126419,6.4296181293164,13.9679760705806,TRUE
Zm00001d003689,7,0.214137893961319,0.351802493924519,0.565940387885839,FALSE
Zm00001d003690,0,0.892576187617626,0.218417181489685,1.11099336910731,FALSE
Zm00001d003693,1,0.507277484529651,1.13392224908645,1.64119973361611,FALSE
Zm00001d003705,2,15.0478802699603,0.36832882073395,15.4162090906943,FALSE
Zm00001d003707,4,13.1116950941486,13.1426583829819,26.2543534771305,TRUE
Zm00001d003709,1,0.113704155374644,0.206216303528574,0.319920458903218,FALSE
Zm00001d003710,1,16.2529357913806,5.58579534034397,21.8387311317245,TRUE
Zm00001d003712,1,3.75084555232802,5.16571436581229,8.91655991814031,FALSE
Zm00001d003716,5,4.80570379101611,2.47668075547932,7.28238454649543,FALSE
Zm00001d003717,5,7.37981859292576,6.79845541300288,14.1782740059286,TRUE
Zm00001d003719,0,0.205207006097412,0.133431234688724,0.338638240786136,FALSE
Zm00001d003724,3,9.42854306713962,2.57310820346702,12.0016512706066,FALSE
Zm00001d003728,2,1.66518010832679,3.85576819784787,5.52094830617466,FALSE
Zm00001d003736,1,1.31588954042678,3.13123972350997,4.44712926393675,FALSE
Zm00001d003743,5,0.942561610250846,1.78800447891152,2.73056608916237,FALSE
Zm00001d003756,3,11.8922723774969,7.86213652709439,19.7544089045913,FALSE
Zm00001d003758,1,5.5740911209016,3.83749160467344,9.41158272557504,FALSE
Zm00001d003760,4,0.717246315062542,0.404711637485373,1.12195795254791,FALSE
Zm00001d003762,5,2.00256076122359,3.52740421690299,5.52996497812658,FALSE
Zm00001d003763,4,5.0788012719475,4.28628243518446,9.36508370713197,FALSE
Zm00001d003773,3,13.3166228864805,7.70815969126564,21.0247825777461,FALSE
Zm00001d003774,8,3.33859316317442,7.71956716913909,11.0581603323135,FALSE
Zm00001d003775,3,0.767857622775999,0.705736177233496,1.47359380000949,FALSE
Zm00001d003776,1,2.81915372472804,1.63144156958707,4.45059529431511,FALSE
Zm00001d003777,0,0.0173404684559914,0.0330625762940881,0.0504030447500794,FALSE
Zm00001d003778,3,14.3042616990289,5.74065560292015,20.0449173019491,FALSE
Zm00001d003781,3,0.990251796202913,0.802952485195062,1.79320428139798,FALSE
Zm00001d003784,6,3.96366058503484,0.675278804900925,4.63893938993577,FALSE
Zm00001d003786,3,14.8895722936942,8.78882696639239,23.6783992600866,TRUE
Zm00001d003793,2,0.091990979378279,0.108884254394808,0.200875233773087,FALSE
Zm00001d003796,1,6.42605284777749,7.99895909812693,14.4250119459044,FALSE
Zm00001d003800,4,4.62313196285304,1.28181474207458,5.90494670492763,FALSE
Zm00001d003804,8,0.0562746862457345,0.54288852277084,0.599163209016574,FALSE
Zm00001d003807,4,7.37943098068383,4.54118095404409,11.9206119347279,FALSE
Zm00001d003809,3,7.85452322177187,3.51271769005873,11.3672409118306,FALSE
Zm00001d003810,8,1.32584270548159,4.66848037562952,5.9943230811111,FALSE
Zm00001d003830,3,2.73701312331426,1.33085507364222,4.06786819695649,FALSE
Zm00001d003839,3,4.11942098412844,3.51102003979907,7.63044102392751,FALSE
Zm00001d003841,1,8.04898494498315,6.08951123542134,14.1384961804045,FALSE
Zm00001d003847,0,0.710443745041565,1.92782474839761,2.63826849343918,FALSE
Zm00001d003850,6,2.30116675236139,0.739631338441921,3.04079809080331,FALSE
Zm00001d003851,8,4.03701969221462,9.82037618154779,13.8573958737624,TRUE
Zm00001d003855,7,5.20013890420423,10.1826328234167,15.3827717276209,TRUE
Zm00001d003860,6,0.239401631166864,0.192865020173418,0.432266651340282,FALSE
Zm00001d003861,5,0.774844138596262,1.01826297138378,1.79310710998005,FALSE
Zm00001d003865,2,3.37710663172628,0.31375359164705,3.69086022337333,FALSE
Zm00001d003866,2,0.27697118059561,0.395737124269387,0.672708304864997,FALSE
Zm00001d003867,3,0.653424188686102,0.919261085001738,1.57268527368784,FALSE
Zm00001d003877,0,0.0618160927789626,0.519808273095871,0.581624365874833,FALSE
Zm00001d003903,6,9.07768245224734,1.88470505822907,10.9623875104764,TRUE
Zm00001d003911,1,13.9383937328132,8.26218823696252,22.2005819697757,FALSE
Zm00001d003913,1,1.70006762060731,1.02767793702093,2.72774555762824,FALSE
Zm00001d003928,3,10.5102315682102,8.65423081346023,19.1644623816705,FALSE
Zm00001d003929,5,0.215938053761942,0.355193363735216,0.571131417497158,FALSE
Zm00001d003931,3,1.55415352555926,2.26363294067693,3.81778646623619,FALSE
Zm00001d003938,6,3.86103414862852,0.675399705727009,4.53643385435553,FALSE
Zm00001d003941,5,1.52370056379489,1.85097231060042,3.37467287439532,FALSE
Zm00001d003948,1,12.1195238152802,4.5410126502793,16.6605364655595,FALSE
Zm00001d003949,6,0.738064032572556,0.661518644410799,1.39958267698335,FALSE
Zm00001d003950,5,1.44269711348249,1.67155709388561,3.1142542073681,FALSE
Zm00001d003958,7,3.74439429945463,6.3750921551522,10.1194864546068,FALSE
Zm00001d003962,1,1.87399421557177,1.35588274221857,3.22987695779034,FALSE
Zm00001d003968,5,0.579586981877381,1.04516084298623,1.62474782486361,FALSE
Zm00001d003969,0,0.815311111485186,0.309201582633092,1.12451269411828,FALSE
Zm00001d003980,5,6.89598921998607,2.28295254519065,9.17894176517671,TRUE
Zm00001d003981,2,0.741399732080412,1.1934377729167,1.93483750499711,FALSE
Zm00001d003982,2,22.5858215482618,0.579591878446305,23.1654134267081,TRUE
Zm00001d003986,1,5.44065510065995,4.2194403471923,9.66009544785225,FALSE
Zm00001d003994,6,5.10116045866781,3.35086157333988,8.45202203200769,FALSE
Zm00001d003995,7,0.113176263665189,0.844717850345984,0.957894114011172,FALSE
Zm00001d004006,7,0.994964118248245,2.26583798572851,3.26080210397675,FALSE
Zm00001d004007,5,1.3816858924691,2.98925972327045,4.37094561573956,FALSE
Zm00001d004019,3,10.4452598953485,12.7932350253215,23.2384949206701,FALSE
Zm00001d004022,6,0.255297997536337,0.379079597313295,0.634377594849631,FALSE
Zm00001d004023,3,8.28033874511608,7.68903436507231,15.9693731101884,FALSE
Zm00001d004033,1,14.4807429838554,5.48329654964722,19.9640395335026,FALSE
Zm00001d004048,3,8.30297080904756,6.42830689721614,14.7312777062637,FALSE
Zm00001d004065,1,4.0387885466778,1.80446250902571,5.84325105570352,FALSE
Zm00001d004073,2,6.79466189821843,2.1416433359363,8.93630523415473,FALSE
Zm00001d004075,3,3.36059768600748,1.41692548464188,4.77752317064936,FALSE
Zm00001d004078,4,3.86314926515364,3.68484144382024,7.54799070897387,FALSE
Zm00001d004079,4,8.22148205222437,5.5385941869178,13.7600762391422,FALSE
Zm00001d004083,2,22.8149613175176,0.322834771737398,23.137796089255,TRUE
Zm00001d004086,6,1.01577633192886,0.73904221142851,1.75481854335737,FALSE
Zm00001d004088,4,3.04206941134073,2.15781432556478,5.1998837369055,FALSE
Zm00001d004095,6,2.14350132420103,3.4628366996097,5.60633802381073,FALSE
Zm00001d004099,1,12.4049127069352,3.66629890624096,16.0712116131761,FALSE
Zm00001d004109,2,15.6737795959915,0.202675806746401,15.8764554027379,FALSE
Zm00001d004121,1,2.92287339661061,2.62487810212756,5.54775149873817,FALSE
Zm00001d004125,4,6.43048682083496,9.44218442191739,15.8726712427524,FALSE
Zm00001d004134,5,3.20223776637409,3.93624643154124,7.13848419791533,FALSE
Zm00001d004135,2,4.68660496965026,0.134710430220593,4.82131539987085,FALSE
Zm00001d004137,4,0.63936922009546,1.09717219499475,1.73654141509021,FALSE
Zm00001d004152,1,15.8012724682101,6.44710088818244,22.2483733563925,TRUE
Zm00001d004159,3,6.42079397477581,8.49109685313798,14.9118908279138,FALSE
Zm00001d004162,0,0.749488847357801,0.527915477499842,1.27740432485764,FALSE
Zm00001d004168,2,7.23803458470691,0.30342015903445,7.54145474374136,FALSE
Zm00001d004187,5,1.22654007267393,2.03183928332478,3.25837935599871,FALSE
Zm00001d004193,8,1.78812828797759,6.83947483662716,8.62760312460474,FALSE
Zm00001d004197,0,1.01161317215679,1.79480614088392,2.80641931304071,FALSE
Zm00001d004198,0,0.0015994015710305,0.293780332095301,0.295379733666331,FALSE
Zm00001d004200,3,0.543916575925435,1.43845759881427,1.98237417473971,FALSE
Zm00001d004203,1,3.5448238243879,2.35217753741449,5.89700136180239,FALSE
Zm00001d004208,1,7.1762412909422,3.75451416392049,10.9307554548627,FALSE
Zm00001d004215,1,19.5326424312153,6.9474367559653,26.4800791871806,TRUE
Zm00001d004216,2,0.499119716333671,0.425963142450941,0.925082858784612,FALSE
Zm00001d004222,5,3.00361974201683,3.92590735318091,6.92952709519774,FALSE
Zm00001d004230,3,0.156866688125192,0.330062770868535,0.486929458993727,FALSE
Zm00001d004231,4,2.91829392435238,2.18790723283466,5.10620115718705,FALSE
Zm00001d004236,1,0.215231047094251,0.191144470415189,0.40637551750944,FALSE
Zm00001d004243,1,1.40726635720807,0.71632819600117,2.12359455320924,FALSE
Zm00001d004245,2,6.93536792296799,0.14295695776749,7.07832488073548,FALSE
Zm00001d004248,4,1.5987369915537,3.21374109207239,4.81247808362609,FALSE
Zm00001d004270,3,13.8450368257814,5.2878483765345,19.1328852023159,FALSE
Zm00001d004287,1,3.37960010890483,2.4663388570519,5.84593896595673,FALSE
Zm00001d004293,0,0.0234397009786741,0.0760338914809173,0.0994735924595914,FALSE
Zm00001d004298,1,6.65605349083759,2.6157357486136,9.27178923945119,FALSE
Zm00001d004300,3,8.83033263267581,20.017695909953,28.8480285426288,FALSE
Zm00001d004308,5,5.35428872350992,1.55926991921554,6.91355864272546,FALSE
Zm00001d004309,4,11.4523674739926,9.1495489616143,20.6019164356069,TRUE
Zm00001d004310,5,6.25483186325959,6.6757911407939,12.9306230040535,FALSE
Zm00001d004333,3,0.295442477349263,0.50371005679805,0.799152534147313,FALSE
Zm00001d004347,0,0.0287643461404454,0.205100945727979,0.233865291868424,FALSE
Zm00001d004355,0,1.28474717010197,0.652770760158746,1.93751793026071,TRUE
Zm00001d004357,0,0.114425507507259,0.262564515485941,0.376990022993201,FALSE
Zm00001d004361,1,2.34911423938825,2.9982423268087,5.34735656619695,FALSE
Zm00001d004362,2,2.11772195058787,0.565493988298543,2.68321593888641,FALSE
Zm00001d004364,0,1.25191578081477,1.2486789549645,2.50059473577927,TRUE
Zm00001d004366,2,1.23041900653207,0.443992967977942,1.67441197451002,FALSE
Zm00001d004371,4,0.436239577277464,0.903970506260148,1.34021008353761,FALSE
Zm00001d004372,1,5.50263594326436,4.03245104182241,9.53508698508677,FALSE
Zm00001d004375,4,1.68341779338613,3.39079096690797,5.0742087602941,FALSE
Zm00001d004382,2,7.53031019704806,1.7778943678844,9.30820456493246,FALSE
Zm00001d004384,5,0.13155747322282,0.465331795066634,0.596889268289454,FALSE
Zm00001d004388,0,0.0260400571585871,0.252497237467824,0.278537294626411,FALSE
Zm00001d004389,8,0.0344194567595056,0.275840655622873,0.310260112382378,FALSE
Zm00001d004392,8,1.13609347599196,2.2500037170877,3.38609719307967,FALSE
Zm00001d004401,5,1.93533176262006,1.23308305406656,3.16841481668662,FALSE
Zm00001d004407,0,0.502159300632486,0.349808125744085,0.851967426376571,FALSE
Zm00001d004411,2,22.9654445575652,0.19979346951493,23.1652380270801,TRUE
Zm00001d004413,6,2.43486907673692,3.62112703798292,6.05599611471984,FALSE
Zm00001d004414,3,8.96798846228815,6.40331891296358,15.3713073752517,FALSE
Zm00001d004415,1,6.71598169254691,2.16854642865714,8.88452812120405,FALSE
Zm00001d004423,8,0.0689461766205916,0.411066638228742,0.480012814849333,FALSE
Zm00001d004433,2,17.2593835400921,0.817876647953049,18.0772601880452,TRUE
Zm00001d004434,2,8.58473427379784,0.615624233995481,9.20035850779332,FALSE
Zm00001d004437,1,1.11219972532497,1.95040101013788,3.06260073546285,FALSE
Zm00001d004438,3,3.34940486094048,2.29951833059053,5.64892319153102,FALSE
Zm00001d004440,5,0.286311097548347,0.144133167709063,0.430444265257409,FALSE
Zm00001d004442,5,7.2106578921156,2.42238885978773,9.63304675190333,TRUE
Zm00001d004446,6,1.36776070824556,0.554680204753665,1.92244091299922,FALSE
Zm00001d004448,6,2.69349174173512,0.679817437818097,3.37330917955321,FALSE
Zm00001d004452,5,1.00641294408665,2.19377494812405,3.2001878922107,FALSE
Zm00001d004463,5,1.18899072955716,1.03806797257261,2.22705870212977,FALSE
Zm00001d004466,1,12.2626427491439,6.20849627055379,18.4711390196977,FALSE
Zm00001d004467,5,0.911476282975662,1.0748140094232,1.98629029239886,FALSE
Zm00001d004472,7,4.40717978592931,3.59625513708512,8.00343492301443,FALSE
Zm00001d004473,5,1.47631012505501,2.38725037817025,3.86356050322526,FALSE
Zm00001d004479,2,3.92353995197266,2.59608466625912,6.51962461823178,FALSE
Zm00001d004480,4,1.48026065953631,1.45551897882049,2.9357796383568,FALSE
Zm00001d004482,1,8.57783260155917,7.09683044147633,15.6746630430355,FALSE
Zm00001d004483,5,0.454431887071741,0.84977459358712,1.30420648065886,FALSE
Zm00001d004484,6,7.36039659323358,1.3537200045011,8.71411659773469,TRUE
Zm00001d004485,4,0.961815724845892,2.86599680135494,3.82781252620083,FALSE
Zm00001d004486,6,8.82790748125231,1.47529679625589,10.3032042775082,TRUE
Zm00001d004489,1,8.35748119138591,8.68353341888125,17.0410146102672,FALSE
Zm00001d004491,3,0.102550963074331,0.278427671846002,0.380978634920333,FALSE
Zm00001d004494,0,1.13524515390114,0.708990695238726,1.84423584913986,TRUE
Zm00001d004495,4,1.0436978756335,1.38771573993381,2.43141361556731,FALSE
Zm00001d004496,4,8.26249113647894,4.27561245884709,12.538103595326,FALSE
Zm00001d004505,1,1.79726342955343,0.593462307687172,2.3907257372406,FALSE
Zm00001d004506,8,1.88682928541003,2.97113763918884,4.85796692459887,FALSE
Zm00001d004509,6,6.650661140909,2.12848661538116,8.77914775629016,TRUE
Zm00001d004514,2,3.91323159712672,0.310007176207026,4.22323877333375,FALSE
Zm00001d004519,4,0.283103409608064,0.191616575069535,0.4747199846776,FALSE
Zm00001d004524,2,2.02728704371655,0.236945543049429,2.26423258676598,FALSE
Zm00001d004526,1,5.00388960918399,3.4069119765202,8.41080158570419,FALSE
Zm00001d004527,1,2.93260269966568,2.3683615509914,5.30096425065707,FALSE
Zm00001d004531,0,1.5915880978017,0.255193724922177,1.84678182272387,TRUE
Zm00001d004539,4,3.55030168990674,2.2869314513318,5.83723314123853,FALSE
Zm00001d004545,7,3.0428655494338,2.21818520671683,5.26105075615063,FALSE
Zm00001d004546,6,7.04359507814037,3.45421337226533,10.4978084504057,TRUE
Zm00001d004547,3,3.00924663680583,3.85939071128569,6.86863734809152,FALSE
Zm00001d004553,7,2.00284856171929,2.16351930757523,4.16636786929451,FALSE
Zm00001d004555,4,3.44602597238482,3.18667274939665,6.63269872178147,FALSE
Zm00001d004557,1,7.26036560893995,3.40366043249521,10.6640260414352,FALSE
Zm00001d004559,5,1.31889180956638,4.20198950317698,5.52088131274336,FALSE
Zm00001d004560,2,25.3446380694257,0.30993840356096,25.6545764729867,TRUE
Zm00001d004561,4,7.4510626547969,8.37564158230114,15.826704237098,FALSE
Zm00001d004564,1,5.98275056747662,5.62316278217203,11.6059133496486,FALSE
Zm00001d004568,1,2.64121010586926,4.09311476230465,6.73432486817391,FALSE
Zm00001d004573,3,0.685070318265842,0.723798411605169,1.40886872987101,FALSE
Zm00001d004585,3,5.06133786396033,1.59679029662707,6.6581281605874,FALSE
Zm00001d004586,3,1.865385645449,0.799503488435351,2.66488913388435,FALSE
Zm00001d004591,1,7.25659356618903,6.88146930476884,14.1380628709579,FALSE
Zm00001d004592,4,7.29585869292555,6.83194561779139,14.1278043107169,FALSE
Zm00001d004595,4,1.8952269457377,3.24697291622643,5.14219986196413,FALSE
Zm00001d004607,2,21.8293843201106,0.254208483290665,22.0835928034013,TRUE
Zm00001d004611,1,7.87075764739965,6.06100941887641,13.9317670662761,FALSE
Zm00001d004614,4,6.20237588559078,0.657854678940248,6.86023056453103,FALSE
Zm00001d004617,0,0.23644951513942,0.254123262915487,0.490572778054907,FALSE
Zm00001d004620,1,1.52146172996895,1.74007040212766,3.26153213209661,FALSE
Zm00001d004621,1,12.1518174530594,8.94482172527854,21.096639178338,FALSE
Zm00001d004624,2,1.29714354397004,1.86297826389764,3.16012180786768,FALSE
Zm00001d004630,4,0.605106675215303,1.8649894424922,2.47009611770751,FALSE
Zm00001d004633,5,0.622181008332002,0.372479614523323,0.994660622855325,FALSE
Zm00001d004637,1,17.2388160686315,8.07844346223832,25.3172595308698,TRUE
Zm00001d004641,2,5.70095258680713,1.42249562203011,7.12344820883724,FALSE
Zm00001d004651,3,2.46358334449356,2.14676660105623,4.61034994554979,FALSE
Zm00001d004652,2,24.8490802695362,0.572249697002132,25.4213299665383,TRUE
Zm00001d004658,2,12.9632483560112,0.225115080751815,13.188363436763,FALSE
Zm00001d004670,3,2.90890011225788,3.00384451893116,5.91274463118905,FALSE
Zm00001d004671,1,6.11727351880062,5.457048821101,11.5743223399016,FALSE
Zm00001d004672,3,0.814557375199436,1.08812851698079,1.90268589218023,FALSE
Zm00001d004679,0,0.00719090837425961,0.0412684994096129,0.0484594077838725,FALSE
Zm00001d004681,5,0.38346269070301,0.789493041418799,1.17295573212181,FALSE
Zm00001d004687,3,0.199456524933413,0.688455329838211,0.887911854771624,FALSE
Zm00001d004689,4,2.53492161843741,3.08385971953988,5.61878133797728,FALSE
Zm00001d004698,3,6.29757957501239,2.78212580618299,9.07970538119538,FALSE
Zm00001d004700,4,0.342984706514352,0.417684481841631,0.760669188355983,FALSE
Zm00001d004702,1,13.8835345188445,8.98954540841909,22.8730799272636,FALSE
Zm00001d004705,4,2.88232469244218,1.39964516557243,4.28196985801461,FALSE
Zm00001d004707,3,7.87748166624587,16.3549036079288,24.2323852741747,FALSE
Zm00001d004713,3,0.184629345493903,0.232204989398541,0.416834334892444,FALSE
Zm00001d004716,1,5.44135657815811,4.4363978922792,9.87775447043731,FALSE
Zm00001d004721,4,11.4741450771317,6.76704749428507,18.2411925714168,TRUE
Zm00001d004725,4,11.5677482198789,4.95015191635899,16.5179001362379,TRUE
Zm00001d004726,2,14.3926016086738,1.65897675380431,16.0515783624781,FALSE
Zm00001d004729,4,11.9117585228169,5.06324308586118,16.9750016086781,TRUE
Zm00001d004733,0,0.9225090051358,0.313753609269897,1.2362626144057,FALSE
Zm00001d004738,2,1.29258155648325,0.0456285495959208,1.33821010607917,FALSE
Zm00001d004743,6,0.126425732073321,0.448903220927389,0.57532895300071,FALSE
Zm00001d004751,7,4.27527204732813,4.62173973719441,8.89701178452254,FALSE
Zm00001d004753,5,2.1433950280141,4.10225048926266,6.24564551727676,FALSE
Zm00001d004755,2,14.8126257792639,0.184713574635369,14.9973393538993,FALSE
Zm00001d004762,6,1.42071075234273,0.769131939299706,2.18984269164244,FALSE
Zm00001d004765,2,8.6829862518,0.640420703414517,9.32340695521452,FALSE
Zm00001d004769,5,7.84247233094067,4.44939444354788,12.2918667744885,TRUE
Zm00001d004775,1,8.52442099069432,6.78093203199427,15.3053530226886,FALSE
Zm00001d004778,0,1.00045678807692,0.104460896109278,1.1049176841862,FALSE
Zm00001d004815,0,1.11223591756475,0.751875931617528,1.86411184918227,TRUE
Zm00001d004836,2,1.76190652509516,0.676445581130085,2.43835210622525,FALSE
Zm00001d004840,6,7.01427995331818,3.35129198729256,10.3655719406107,TRUE
Zm00001d004848,3,1.59107016319755,1.61385939558697,3.20492955878452,FALSE
Zm00001d004852,8,0.960037690696163,2.69296734507441,3.65300503577058,FALSE
Zm00001d004855,5,0.836195554326854,0.970945291031846,1.8071408453587,FALSE
Zm00001d004862,5,1.76749557162875,2.11587085371506,3.88336642534381,FALSE
Zm00001d004865,4,0.218157235511627,0.395120265494989,0.613277501006616,FALSE
Zm00001d004875,3,16.9503069867018,8.379136188219,25.3294431749208,TRUE
Zm00001d004876,6,0.182437960754698,0.827993487543117,1.01043144829782,FALSE
Zm00001d004880,1,0.147926423352455,0.207015332702188,0.354941756054643,FALSE
Zm00001d004881,6,4.88694011779867,2.79324036127514,7.68018047907381,FALSE
Zm00001d004882,0,0.00904661355758492,0.113457510588079,0.122504124145664,FALSE
Zm00001d004885,2,3.02600688752308,2.57033635274859,5.59634324027167,FALSE
Zm00001d004890,2,21.8009689793665,0.345077157745724,22.1460461371122,TRUE
Zm00001d004894,5,0.965911390749286,1.11187077702807,2.07778216777736,FALSE
Zm00001d004910,1,10.9434629463287,9.6609379819732,20.6044009283019,FALSE
Zm00001d004912,3,5.98056550132974,2.69899941590169,8.67956491723143,FALSE
Zm00001d004914,0,1.06511246566075,1.98004889383529,3.04516135949604,TRUE
Zm00001d004917,7,0.114007960862412,0.598271614899347,0.712279575761759,FALSE
Zm00001d004921,2,2.03060548868868,0.133826946334949,2.16443243502363,FALSE
Zm00001d004925,1,11.5441578773577,5.82971573587529,17.3738736132329,FALSE
Zm00001d004926,2,1.84407798212922,0.601670363709955,2.44574834583917,FALSE
Zm00001d004929,7,0.407376886265282,0.947226015610418,1.3546029018757,FALSE
Zm00001d004931,6,0.683279446025573,0.699181085758214,1.38246053178379,FALSE
Zm00001d004943,5,0.28156616175918,0.327050008488334,0.608616170247515,FALSE
Zm00001d004948,3,1.12567846483288,2.1581284032526,3.28380686808548,FALSE
Zm00001d004951,7,0.530128847894765,0.781806763649572,1.31193561154434,FALSE
Zm00001d004968,0,2.11811573868903,0.254842253005332,2.37295799169436,TRUE
Zm00001d004999,3,11.6687246190013,3.36095547985163,15.029680098853,FALSE
Zm00001d005001,1,4.82533761938835,2.61465393089917,7.43999155028751,FALSE
Zm00001d005002,2,2.01251662418352,0.923320387732054,2.93583701191558,FALSE
Zm00001d005004,3,3.51379755616026,4.72403090861706,8.23782846477732,FALSE
Zm00001d005007,0,0.0235160096580637,0.151782821908835,0.175298831566899,FALSE
Zm00001d005008,6,0.47391702964862,0.743621465329527,1.21753849497815,FALSE
Zm00001d005011,4,0.412687769844844,0.537482698940514,0.950170468785358,FALSE
Zm00001d005015,8,0.775922022457202,1.46763540870779,2.243557431165,FALSE
Zm00001d005019,3,3.69882344414807,2.87048700809609,6.56931045224416,FALSE
Zm00001d005030,2,18.3000265944708,0.212810785646109,18.5128373801169,TRUE
Zm00001d005037,1,1.68790615456157,2.35372622252003,4.04163237708161,FALSE
Zm00001d005038,3,0.701496631750651,0.663964730152646,1.3654613619033,FALSE
Zm00001d005039,4,0.225284556751542,0.798261712096312,1.02354626884785,FALSE
Zm00001d005040,4,0.306725514479884,1.35285905542467,1.65958456990456,FALSE
Zm00001d005051,6,1.32359964606923,1.61796370276251,2.94156334883174,FALSE
Zm00001d005055,2,1.19134965485263,1.63832214240668,2.82967179725931,FALSE
Zm00001d005057,2,1.17107661727127,0.27578587975919,1.44686249703046,FALSE
Zm00001d005059,1,16.408573224004,9.72417712960117,26.1327503536052,TRUE
Zm00001d005062,3,14.5992977336264,9.15862252362535,23.7579202572518,FALSE
Zm00001d005064,3,12.8368730291674,4.31191153867187,17.1487845678393,FALSE
Zm00001d005073,2,10.9314855221164,0.753925933468485,11.6854114555849,FALSE
Zm00001d005076,0,0.00667635010348508,0.281549189815181,0.288225539918666,FALSE
Zm00001d005077,4,0.422738421336376,1.07337488548229,1.49611330681866,FALSE
Zm00001d005082,0,0.0791527318238313,0.363579260692404,0.442731992516235,FALSE
Zm00001d005083,5,4.29905597565713,3.14592971037185,7.44498568602897,FALSE
Zm00001d005087,1,0.49825033940857,1.22614915958478,1.72439949899335,FALSE
Zm00001d005092,6,4.70368337730543,1.21849293517055,5.92217631247598,FALSE
Zm00001d005094,6,0.429364360433857,0.740901647416629,1.17026600785049,FALSE
Zm00001d005097,8,1.50350656590877,3.57747845254247,5.08098501845124,FALSE
Zm00001d005100,1,15.9505147835587,9.26783441571385,25.2183491992725,TRUE
Zm00001d005104,3,8.65048290202644,9.2892109627352,17.9396938647616,FALSE
Zm00001d005105,1,21.7202862825064,9.66787616564759,31.388162448154,TRUE
Zm00001d005114,2,1.49958066504598,3.92356409329588,5.42314475834186,FALSE
Zm00001d005121,0,0.124237193999651,0.181131140959174,0.305368334958825,FALSE
Zm00001d005126,0,0.698289172113019,0.224093278868977,0.922382450981996,FALSE
Zm00001d005137,1,2.23269505018438,2.65181025601933,4.88450530620371,FALSE
Zm00001d005146,8,1.94340150713629,5.60464921328043,7.54805072041672,FALSE
Zm00001d005147,1,4.82331760660219,2.80843835598375,7.63175596258595,FALSE
Zm00001d005148,4,4.50907495779163,0.489797788906936,4.99887274669857,FALSE
Zm00001d005157,1,1.87743061436404,2.73648356982835,4.61391418419239,FALSE
Zm00001d005158,3,1.8530151753493,0.77088046449868,2.62389563984798,FALSE
Zm00001d005161,6,0.529727319323949,0.344725047256506,0.874452366580455,FALSE
Zm00001d005171,1,0.482912165620031,0.534433063798443,1.01734522941847,FALSE
Zm00001d005173,3,1.37131854423684,0.835726525495611,2.20704506973245,FALSE
Zm00001d005174,0,0.081545790838319,0.398395143477553,0.479940934315872,FALSE
Zm00001d005177,1,4.41069473940249,1.87487080244429,6.28556554184678,FALSE
Zm00001d005178,3,10.3830765152826,3.94737971075392,14.3304562260365,FALSE
Zm00001d005194,0,0.0485556882848698,0.532580271962209,0.581135960247078,FALSE
Zm00001d005195,1,12.7656993749754,5.54369355216183,18.3093929271372,FALSE
Zm00001d005203,7,4.30431298054662,5.08418340124147,9.38849638178809,FALSE
Zm00001d005212,5,0.569877815931456,0.403606780392778,0.973484596324234,FALSE
Zm00001d005219,0,0.0108979995652389,0.151104987007106,0.162002986572345,FALSE
Zm00001d005239,0,0.0260280073892398,0.266970697910884,0.292998705300124,FALSE
Zm00001d005241,1,2.6584267712782,1.89104039441822,4.54946716569642,FALSE
Zm00001d005247,0,0.0625676198352123,0.184376821744971,0.246944441580183,FALSE
