Gene_ID,Module,Intramodular_Connectivity,Extramodular_Connectivity,Total_Connectivity,Is_Hub
Zm00001d003184,black,9.46509819571768,2.25278004974955,12.7178782454672,TRUE
Zm00001d003583,black,8.84889891811438,1.56201501830068,11.4109139364151,TRUE
Zm00001d003187,black,8.80212501920193,3.92366607004922,13.7257910892512,TRUE
Zm00001d003563,black,8.38840531713706,1.41556015860544,10.8039654757425,TRUE
Zm00001d004729,black,8.29083930832346,1.69704114367328,10.9878804519967,TRUE
Zm00001d003807,black,8.01736872074377,2.40536658983607,11.4227353105798,TRUE
Zm00001d003510,black,7.78642019010746,1.17157943815309,9.95799962826055,TRUE
Zm00001d004725,black,6.42938808624453,1.9141576355513,9.34354572179582,FALSE
Zm00001d004721,black,6.33304557010357,2.79558584669712,10.1286314168007,FALSE
Zm00001d002454,black,6.069242804442,3.98081313693412,11.0500559413761,FALSE
Zm00001d002548,black,6.06646542538185,4.64375299421465,11.7102184195965,FALSE
Zm00001d002452,black,5.56632379189628,0.87931784251966,7.44564163441594,FALSE
Zm00001d003186,black,5.25988994282924,1.66055653808232,7.92044648091155,FALSE
Zm00001d002830,black,4.82567549351583,2.48948315811025,8.31515865162608,FALSE
Zm00001d004624,black,4.47244973507622,2.48124050420085,7.95369023927707,FALSE
Zm00001d003763,black,4.23700857430596,1.00762819788126,6.24463677218721,FALSE
Zm00001d003317,black,4.04881308383482,0.493740659063903,5.54255374289873,FALSE
Zm00001d003436,black,3.84961624336734,1.44103054280112,6.29064678616846,FALSE
Zm00001d004440,black,3.74515011720269,1.60784318414553,6.35299330134822,FALSE
Zm00001d004423,black,3.63787512625644,0.993534462684032,5.63140958894048,FALSE
Zm00001d002850,black,3.53754092186716,1.37503046288531,5.91257138475248,FALSE
Zm00001d003451,black,3.42572740001119,1.9012290709578,6.32695647096899,FALSE
Zm00001d003716,black,3.29381625627616,3.08172431728022,7.37554057355638,FALSE
Zm00001d002146,black,2.80015404009707,0.284406590429954,4.08456063052703,FALSE
Zm00001d004125,black,2.09243303277746,4.00737158030131,7.09980461307877,FALSE
Zm00001d003598,black,2.02170837665073,3.90098867424179,6.92269705089252,FALSE
Zm00001d001857,black,1.97336098888094,1.45311369059786,4.4264746794788,FALSE
Zm00001d003800,black,1.88692590515663,0.917683764493221,3.80460966964985,FALSE
Zm00001d004231,black,1.81487156094876,1.07447926296645,3.88935082391521,FALSE
Zm00001d003009,black,1.48922441427244,2.58852922516616,5.07775363943859,FALSE
Zm00001d004485,black,1.39433890686451,0.953924584910312,3.34826349177483,FALSE
Zm00001d004546,black,1.34234335759444,3.45228236666711,5.79462572426155,FALSE
Zm00001d002556,black,1.32721097297618,1.14250675978594,3.46971773276212,FALSE
Zm00001d003068,black,1.29884123028591,1.84554014014098,4.14438137042689,FALSE
Zm00001d003621,black,0.931453752093164,2.41501382359174,4.3464675756849,FALSE
Zm00001d004595,black,0.870452913586855,2.4269644159908,4.29741732957765,FALSE
Zm00001d003522,black,0.86693173204087,0.47210368422805,2.33903541626892,FALSE
Zm00001d003356,black,0.844068632682156,0.939859609277023,2.78392824195918,FALSE
Zm00001d003142,black,0.835341242391059,2.83403012329927,4.66937136569033,FALSE
Zm00001d004840,black,0.81232321605787,1.7049312895779,3.51725450563577,FALSE
Zm00001d002191,black,0.766736189963012,0.869934318927721,2.63667050889073,FALSE
Zm00001d002213,black,0.650951072162472,0.197527318349093,1.84847839051157,FALSE
Zm00001d004095,black,0.51141036596959,1.6228364119975,3.13424677796709,FALSE
Zm00001d004539,black,0.468438430729024,1.00113177998945,2.46957021071847,FALSE
Zm00001d002020,black,0.428265851262478,1.26005112154188,2.68831697280436,FALSE
Zm00001d004700,black,0.363324521322362,0.143003506819154,1.50632802814152,FALSE
Zm00001d001781,black,0.341213632872041,0.77326422664462,2.11447785951666,FALSE
Zm00001d003085,black,0.323420630900334,0.27288816051611,1.59630879141644,FALSE
Zm00001d003760,black,0.319492936285262,0.419437244508123,1.73893018079339,FALSE
Zm00001d002208,black,0.307628189775646,0.0794256364300684,1.38705382620571,FALSE
Zm00001d002549,black,0.306931744284285,0.783087881991001,2.09001962627529,FALSE
Zm00001d002989,black,0.280484012581632,0.534347020448503,1.81483103303013,FALSE
Zm00001d004198,black,0.275889408637515,0.0897878309767446,1.36567723961426,FALSE
Zm00001d002708,black,0.257384785154838,0.337584381455984,1.59496916661082,FALSE
Zm00001d003297,black,0.218683095008697,0.636031557113889,1.85471465212259,FALSE
Zm00001d001887,black,0.209627364863815,0.178575955612758,1.38820332047657,FALSE
Zm00001d003398,black,0.208711237324273,0.177681928312593,1.38639316563687,FALSE
Zm00001d005247,black,0.187460544882455,0.19471950438119,1.38218004926365,FALSE
Zm00001d002817,black,0.173785283019369,0.770098041838511,1.94388332485788,FALSE
Zm00001d002109,black,0.166765057702343,0.306694503415962,1.4734595611183,FALSE
Zm00001d002705,black,0.147901486938403,1.15334791623814,2.30124940317655,FALSE
Zm00001d004384,black,0.120844473200242,0.477811660492471,1.59865613369271,FALSE
Zm00001d003280,black,0.0923039825529936,0.329440243780693,1.42174422633369,FALSE
Zm00001d004109,blue,12.8277453028803,0.25806443934267,14.0858097422229,TRUE
Zm00001d004560,blue,11.7722575267509,0.314474105840988,13.0867316325919,TRUE
Zm00001d003982,blue,10.4827445050915,0.773794941404248,12.2565394464957,TRUE
Zm00001d004652,blue,10.2354877635415,0.466890860255164,11.7023786237967,TRUE
Zm00001d004411,blue,9.50882511830041,0.306908577778856,10.8157336960793,TRUE
Zm00001d002312,blue,9.3365236057995,0.475332961155525,10.811856566955,TRUE
Zm00001d002457,blue,8.84321290602105,0.291940874282748,10.1351537803038,TRUE
Zm00001d002174,blue,8.6921525216751,0.254600824637404,9.9467533463125,TRUE
Zm00001d004658,blue,8.55546566327113,0.148424494157901,9.70389015742903,TRUE
Zm00001d004433,blue,8.38394910281665,0.635399479521519,10.0193485823382,TRUE
Zm00001d005030,blue,8.02032804115863,0.237038958661369,9.25736699982,TRUE
Zm00001d001911,blue,7.75329630701178,0.208400109702222,8.961696416714,TRUE
Zm00001d002444,blue,7.66022351499197,0.470350053407511,9.13057356839948,TRUE
Zm00001d002216,blue,7.55244627266735,0.642992987344182,9.19543926001153,TRUE
Zm00001d004083,blue,7.14694090043741,0.285877438993089,8.4328183394305,FALSE
Zm00001d004890,blue,7.0675471184436,0.371203731512809,8.43875084995641,FALSE
Zm00001d005073,blue,7.03728379741963,1.12106644091289,9.15835023833252,FALSE
Zm00001d004382,blue,6.94916510657565,0.682346075178632,8.63151118175428,FALSE
Zm00001d004755,blue,6.27607441490291,0.560269735617766,7.83634415052068,FALSE
Zm00001d004607,blue,6.25497004956836,0.428152882347134,7.68312293191549,FALSE
Zm00001d002455,blue,6.10045518224845,0.381077752233049,7.4815329344815,FALSE
Zm00001d002328,blue,5.97292618792462,1.29454003330456,8.26746622122918,FALSE
Zm00001d004168,blue,5.91477468577137,0.397281516498165,7.31205620226954,FALSE
Zm00001d003141,blue,5.87625379322632,0.574675156147423,7.45092894937374,FALSE
Zm00001d002179,blue,5.689664421422,0.340543339667297,7.0302077610893,FALSE
Zm00001d004073,blue,5.67855831578995,2.78271748588996,9.46127580167991,FALSE
Zm00001d003168,blue,5.65018641006729,0.415579835091044,7.06576624515833,FALSE
Zm00001d003445,blue,5.64878048206422,0.351028387965941,6.99980887003016,FALSE
Zm00001d002611,blue,5.61987426458582,1.02371585678737,7.64359012137319,FALSE
Zm00001d003146,blue,5.50866173299667,1.13534095001426,7.64400268301093,FALSE
Zm00001d003312,blue,5.02120469504125,0.527490737735135,6.54869543277638,FALSE
Zm00001d002425,blue,4.93467680845715,0.237021211295396,6.17169801975254,FALSE
Zm00001d003519,blue,4.8497867900429,1.4468334167356,7.2966202067785,FALSE
Zm00001d004135,blue,4.74437739649841,0.315249936944752,6.05962733344316,FALSE
Zm00001d002309,blue,4.74197952226711,1.04794820063494,6.78992772290204,FALSE
Zm00001d002333,blue,4.73131272889497,0.300614476353513,6.03192720524848,FALSE
Zm00001d001841,blue,4.55427835518133,0.433039638455068,5.9873179936364,FALSE
Zm00001d002290,blue,4.36237099338502,1.00369935070267,6.36607034408769,FALSE
Zm00001d004726,blue,4.01380512880548,0.531899501750496,5.54570463055598,FALSE
Zm00001d002147,blue,3.94376642497488,0.439946341929968,5.38371276690485,FALSE
Zm00001d002489,blue,3.81529055341612,0.682821399531935,5.49811195294805,FALSE
Zm00001d004479,blue,3.58007547354327,0.746745420173458,5.32682089371673,FALSE
Zm00001d002157,blue,3.57398040302788,1.07925974114645,5.65324014417433,FALSE
Zm00001d003136,blue,3.55750895070655,0.344038549901988,4.90154750060854,FALSE
Zm00001d004641,blue,3.50305455659766,1.57335827785424,6.0764128344519,FALSE
Zm00001d002514,blue,3.35028257805589,0.648341719843294,4.99862429789919,FALSE
Zm00001d002735,blue,3.28232090390257,0.892890571298318,5.17521147520088,FALSE
Zm00001d002391,blue,3.25928669755342,0.698184769698976,4.95747146725239,FALSE
Zm00001d002125,blue,3.15058158584284,2.25825740339562,6.40883898923847,FALSE
Zm00001d004765,blue,3.14056158283765,0.54800782312963,4.68856940596728,FALSE
Zm00001d003638,blue,3.09543231301684,0.6722299831291,4.76766229614594,FALSE
Zm00001d004885,blue,3.03336176643956,0.590221182475318,4.62358294891487,FALSE
Zm00001d002011,blue,3.00372216246014,0.342698225077164,4.34642038753731,FALSE
Zm00001d004434,blue,2.94722009980096,0.971021568658017,4.91824166845898,FALSE
Zm00001d001770,blue,2.63552135802325,0.677467699075854,4.31298905709911,FALSE
Zm00001d003209,blue,2.63174440232271,0.8516678612558,4.48341226357851,FALSE
Zm00001d002875,blue,2.39227949109167,0.498155548578863,3.89043503967054,FALSE
Zm00001d002949,blue,2.37987003497049,0.061096449332299,3.44096648430279,FALSE
Zm00001d002979,blue,2.3482928409903,0.697920472171139,4.04621331316144,FALSE
Zm00001d001959,blue,2.33941291282431,0.58358490539471,3.92299781821902,FALSE
Zm00001d002095,blue,2.29917866746733,1.00652643059575,4.30570509806308,FALSE
Zm00001d002186,blue,2.24755079644413,2.8355720302444,6.08312282668853,FALSE
Zm00001d002033,blue,2.2114798296672,1.13426710927516,4.34574693894236,FALSE
Zm00001d002315,blue,2.18986368216419,2.02552038248771,5.2153840646519,FALSE
Zm00001d002393,blue,2.17959294006555,0.70420244827548,3.88379538834103,FALSE
Zm00001d002488,blue,1.90443874405926,0.730216797508,3.63465554156726,FALSE
Zm00001d001924,blue,1.90373449106141,2.17885673767243,5.08259122873384,FALSE
Zm00001d001944,blue,1.90345966171141,0.393504416185144,3.29696407789655,FALSE
Zm00001d003796,blue,1.87938390960119,1.65303744369535,4.53242135329655,FALSE
Zm00001d004366,blue,1.86754246619431,0.92391383536235,3.79145630155666,FALSE
Zm00001d002238,blue,1.82214192813796,0.7381379669565,3.56027989509446,FALSE
Zm00001d002823,blue,1.78442004527823,1.10314936863929,3.88756941391752,FALSE
Zm00001d002332,blue,1.77191961086598,1.10927285282889,3.88119246369487,FALSE
Zm00001d002610,blue,1.72696667576511,0.533500410773776,3.26046708653888,FALSE
Zm00001d001979,blue,1.72182783387177,7.72340428925452,10.4452321231263,FALSE
Zm00001d002184,blue,1.7065497047557,0.405048775937234,3.11159848069294,FALSE
Zm00001d001914,blue,1.61489512851507,2.70548131860204,5.32037644711711,FALSE
Zm00001d002279,blue,1.60740584122462,0.143341802835205,2.75074764405982,FALSE
Zm00001d002481,blue,1.56868391467142,0.339051962459308,2.90773587713073,FALSE
Zm00001d002411,blue,1.55235926895715,0.14290303134144,2.69526230029859,FALSE
Zm00001d002088,blue,1.4926937685752,0.494072872057874,2.98676664063307,FALSE
Zm00001d003705,blue,1.41343799784042,0.0898347388553162,2.50327273669573,FALSE
Zm00001d003981,blue,1.40220338061247,1.14531722353331,3.54752060414578,FALSE
Zm00001d001806,blue,1.33455371067949,0.932325734564594,3.26687944524409,FALSE
Zm00001d002584,blue,1.32289395460286,1.34824043897395,3.67113439357682,FALSE
Zm00001d002707,blue,1.29885053392367,0.313671405050848,2.61252193897452,FALSE
Zm00001d003866,blue,1.29846292936416,2.28534226028502,4.58380518964918,FALSE
Zm00001d002346,blue,1.19091039375966,0.576214670776176,2.76712506453584,FALSE
Zm00001d004568,blue,1.12064556574482,1.42766241446492,3.54830798020974,FALSE
Zm00001d002384,blue,1.10447191678149,0.195696840966049,2.30016875774753,FALSE
Zm00001d003631,blue,1.07703801751357,2.32679568607445,4.40383370358803,FALSE
Zm00001d001850,blue,1.05254766535906,1.35613310268178,3.40868076804084,FALSE
Zm00001d002446,blue,1.03913256688324,1.29438020929889,3.33351277618213,FALSE
Zm00001d001838,blue,1.02620599565156,0.354508330415627,2.38071432606719,FALSE
Zm00001d001828,blue,1.01345688362112,1.33698186167636,3.35043874529748,FALSE
Zm00001d004245,blue,1.01164833243527,0.0958132528645135,2.10746158529979,FALSE
Zm00001d002437,blue,1.00459441850427,0.153021688111467,2.15761610661573,FALSE
Zm00001d003728,blue,0.998350998219332,2.17046671672765,4.16881771494699,FALSE
Zm00001d002614,blue,0.988492642265392,0.250993609480184,2.23948625174558,FALSE
Zm00001d002649,blue,0.934752996856023,1.45534840411064,3.39010140096667,FALSE
Zm00001d003143,blue,0.934398261101419,4.73027137385557,6.66466963495698,FALSE
Zm00001d002127,blue,0.901886452967614,0.232037958866733,2.13392441183435,FALSE
Zm00001d005002,blue,0.884766515627375,0.315056968562311,2.19982348418969,FALSE
Zm00001d002440,blue,0.861665050542476,1.24455395401681,3.10621900455929,FALSE
Zm00001d002032,blue,0.838400699048295,0.222987568833082,2.06138826788138,FALSE
Zm00001d001952,blue,0.83678650471786,1.01011979583858,2.84690630055644,FALSE
Zm00001d002476,blue,0.824996128272221,0.67003030281964,2.49502643109186,FALSE
Zm00001d001786,blue,0.796180962774904,1.0539538771283,2.8501348399032,FALSE
Zm00001d004836,blue,0.787197826153268,1.4474252589439,3.23462308509717,FALSE
Zm00001d002378,blue,0.786487718825957,1.18234195844535,2.9688296772713,FALSE
Zm00001d004362,blue,0.774784834394994,0.0635098213025744,1.83829465569757,FALSE
Zm00001d002577,blue,0.715719944479391,0.0671175221606082,1.78283746664,FALSE
Zm00001d003403,blue,0.690024542887754,0.654680425907076,2.34470496879483,FALSE
Zm00001d002506,blue,0.664416717167688,1.1574749091182,2.82189162628589,FALSE
Zm00001d004738,blue,0.641116250064687,0.124876566439332,1.76599281650402,FALSE
Zm00001d002144,blue,0.601041917545768,0.106168514288384,1.70721043183415,FALSE
Zm00001d002396,blue,0.568728054197776,0.350843100546449,1.91957115474423,FALSE
Zm00001d003962,blue,0.560175829408736,0.857806039084878,2.41798186849361,FALSE
Zm00001d003439,blue,0.507133467875613,0.554893761447534,2.06202722932315,FALSE
Zm00001d003003,blue,0.503046034234932,1.27443881727485,2.77748485150979,FALSE
Zm00001d002441,blue,0.442298342955946,2.08116785064822,3.52346619360416,FALSE
Zm00001d003931,blue,0.360076442032588,0.491188412985281,1.85126485501787,FALSE
Zm00001d002461,blue,0.358031795598661,0.0818242558896308,1.43985605148829,FALSE
Zm00001d004514,blue,0.322482000662376,0.116085391902462,1.43856739256484,FALSE
Zm00001d002307,blue,0.300983088432184,0.297337217072609,1.59832030550479,FALSE
Zm00001d004467,blue,0.267258574735234,0.746583298844827,2.01384187358006,FALSE
Zm00001d003429,blue,0.246157269430082,0.224009797670262,1.47016706710034,FALSE
Zm00001d004620,blue,0.186931417480861,0.557143005438543,1.7440744229194,FALSE
Zm00001d002984,blue,0.131184317645838,0.0406339015752039,1.17181821922104,FALSE
Zm00001d002212,blue,0.125172606055158,0.0308173156969132,1.15598992175207,FALSE
Zm00001d003202,blue,0.103780951499365,0.138469788402096,1.24225073990146,FALSE
Zm00001d002837,blue,0.0751021395884932,0.129167852108327,1.20426999169682,FALSE
Zm00001d003549,blue,0.0608584247084915,0.0463622302478095,1.1072206549563,FALSE
Zm00001d001779,brown,5.73473220277237,0.270958041567321,7.00569024433969,TRUE
Zm00001d001852,brown,5.28604716076404,0.173782613058793,6.45982977382283,TRUE
Zm00001d003575,brown,4.93191321447927,0.232549146661896,6.16446236114116,TRUE
Zm00001d003707,brown,4.88605862977468,1.78560636975133,7.671664999526,TRUE
Zm00001d004855,brown,4.70505591655206,0.0673593125115604,5.77241522906362,TRUE
Zm00001d003418,brown,4.49477079844251,0.245307300081635,5.74007809852414,TRUE
Zm00001d004862,brown,4.26964882309411,0.0686320495813906,5.3382808726755,TRUE
Zm00001d002630,brown,4.2682545371261,0.575210819658306,5.84346535678441,TRUE
Zm00001d001835,brown,3.86160530425194,0.686668099956085,5.54827340420803,TRUE
Zm00001d003432,brown,3.76635898940803,0.420319409776779,5.1866783991848,TRUE
Zm00001d003401,brown,3.66317189716517,0.195311394492626,4.8584832916578,TRUE
Zm00001d004611,brown,3.56679444552773,1.24786489066026,5.81465933618799,TRUE
Zm00001d002436,brown,3.55717054845518,0.539175176041886,5.09634572449706,FALSE
Zm00001d002629,brown,3.52135792218868,1.17737353329752,5.6987314554862,FALSE
Zm00001d001804,brown,3.2379384626529,0.1460324624259,4.3839709250788,FALSE
Zm00001d003762,brown,3.22126159080297,0.487883858695743,4.70914544949872,FALSE
Zm00001d003264,brown,3.14803538760006,0.886496770081081,5.03453215768114,FALSE
Zm00001d004375,brown,3.12152205930063,0.451528621671278,4.57305068097191,FALSE
Zm00001d002690,brown,3.00119764269862,1.58827491638428,5.5894725590829,FALSE
Zm00001d003841,brown,2.97368511060668,0.861138592233945,4.83482370284063,FALSE
Zm00001d002738,brown,2.97089548569782,1.9769285360776,5.94782402177542,FALSE
Zm00001d005082,brown,2.96652705304426,0.0942638380880201,4.06079089113228,FALSE
Zm00001d002616,brown,2.86555362207699,1.78767998422584,5.65323360630283,FALSE
Zm00001d004187,brown,2.69725254975224,0.274017230799131,3.97126978055137,FALSE
Zm00001d002326,brown,2.60728905473293,0.296335279940517,3.90362433467345,FALSE
Zm00001d002853,brown,2.51140935809739,1.02358635140087,4.53499570949827,FALSE
Zm00001d004007,brown,2.4538005927474,0.323460899091332,3.77726149183874,FALSE
Zm00001d002939,brown,2.43657658282417,1.15066189078753,4.5872384736117,FALSE
Zm00001d004671,brown,2.36524481886046,0.131603811702858,3.49684863056332,FALSE
Zm00001d004592,brown,2.32244244700417,0.701194188578588,4.02363663558275,FALSE
Zm00001d002097,brown,2.25201927310425,0.437232235535301,3.68925150863955,FALSE
Zm00001d004496,brown,2.24556243336111,1.72676737513788,4.97232980849899,FALSE
Zm00001d003229,brown,2.20648000038134,0.0788774066693101,3.28535740705065,FALSE
Zm00001d003414,brown,2.18887978534959,1.02869515175172,4.21757493710131,FALSE
Zm00001d002687,brown,2.05257264656755,1.30312588771285,4.3556985342804,FALSE
Zm00001d002065,brown,2.0450691036065,0.890893577051696,3.93596268065819,FALSE
Zm00001d002512,brown,2.02557838400983,2.00767885377145,5.03325723778127,FALSE
Zm00001d003181,brown,2.02392959975412,0.26899063270148,3.2929202324556,FALSE
Zm00001d002519,brown,2.02233456439311,1.58691923057941,4.60925379497252,FALSE
Zm00001d004698,brown,1.95001226654706,1.47522252926492,4.42523479581197,FALSE
Zm00001d004203,brown,1.8791294542601,0.137599561709205,3.0167290159693,FALSE
Zm00001d003306,brown,1.87562281883494,1.52421716382454,4.39983998265948,FALSE
Zm00001d004413,brown,1.82399292587935,1.46513371821098,4.28912664409033,FALSE
Zm00001d002100,brown,1.80998279418459,3.49454188184295,6.30452467602754,FALSE
Zm00001d003157,brown,1.76175895814053,1.80238319710263,4.56414215524316,FALSE
Zm00001d003247,brown,1.74850410895296,0.357577065285421,3.10608117423838,FALSE
Zm00001d002006,brown,1.74556022084926,1.08763362027353,3.83319384112279,FALSE
Zm00001d004917,brown,1.73702184542671,0.094623282437162,2.83164512786387,FALSE
Zm00001d001964,brown,1.66816997904653,0.614489551128217,3.28265953017474,FALSE
Zm00001d003657,brown,1.63041836993987,0.56061368091745,3.19103205085732,FALSE
Zm00001d002573,brown,1.62691965315649,1.74306008543432,4.36997973859081,FALSE
Zm00001d003776,brown,1.61478672256379,0.610945540479022,3.22573226304281,FALSE
Zm00001d002736,brown,1.61424632607888,1.82998941785381,4.44423574393269,FALSE
Zm00001d003006,brown,1.60729893903287,1.0543934181509,3.66169235718377,FALSE
Zm00001d001763,brown,1.57395549085858,1.56660058072861,4.14055607158719,FALSE
Zm00001d003309,brown,1.56253429385578,1.39598317884524,3.95851747270102,FALSE
Zm00001d003292,brown,1.54529394569126,2.92758428811027,5.47287823380153,FALSE
Zm00001d002353,brown,1.47160434117248,0.347293464393906,2.81889780556639,FALSE
Zm00001d001837,brown,1.46382052409322,0.541829263240749,3.00564978733397,FALSE
Zm00001d004705,brown,1.44671535349198,2.2189997307697,4.66571508426168,FALSE
Zm00001d005158,brown,1.31296183895419,0.801600616625746,3.11456245557993,FALSE
Zm00001d004573,brown,1.30307604095009,1.17710779083187,3.48018383178196,FALSE
Zm00001d003614,brown,1.28252793603026,1.45253801853964,3.73506595456991,FALSE
Zm00001d005092,brown,1.27658192418539,2.36580302896837,4.64238495315376,FALSE
Zm00001d003635,brown,1.22575485156386,0.721957322096012,2.94771217365987,FALSE
Zm00001d003524,brown,1.17697789926416,1.76893099157922,3.94590889084338,FALSE
Zm00001d002503,brown,1.16392123974509,0.31360504919024,2.47752628893533,FALSE
Zm00001d004672,brown,1.15931994328927,0.294889950253472,2.45420989354274,FALSE
Zm00001d001824,brown,1.15381655374791,1.09192762842345,3.24574418217135,FALSE
Zm00001d003865,brown,1.13485315482833,0.705098538085032,2.83995169291336,FALSE
Zm00001d002756,brown,1.11556096178758,0.763294073610222,2.8788550353978,FALSE
Zm00001d002394,brown,1.11212932572071,0.744582413724359,2.85671173944506,FALSE
Zm00001d001870,brown,1.10848419895913,1.5383382216062,3.64682242056533,FALSE
Zm00001d002498,brown,1.08389993343287,0.0957341177283642,2.17963405116123,FALSE
Zm00001d004848,brown,1.06563664122514,0.530014631648943,2.59565127287409,FALSE
Zm00001d001820,brown,1.06302184218009,0.615915532414153,2.67893737459424,FALSE
Zm00001d002520,brown,1.05581093262094,1.46085655770984,3.51666749033078,FALSE
Zm00001d004553,brown,1.04340013750494,1.13344754100225,3.17684767850719,FALSE
Zm00001d003781,brown,1.04284642526334,0.251262910901335,2.29410933616467,FALSE
Zm00001d004022,brown,1.0325015858211,1.25654012296132,3.28904170878242,FALSE
Zm00001d002383,brown,1.02942790228153,1.824842888401,3.85427079068253,FALSE
Zm00001d003320,brown,1.02085738770328,0.879917652685609,2.90077504038889,FALSE
Zm00001d003660,brown,1.0089965066006,0.894009052395267,2.90300555899587,FALSE
Zm00001d002905,brown,0.980809855319662,0.502769844578305,2.48357969989797,FALSE
Zm00001d002031,brown,0.943633144686532,0.376340632340813,2.31997377702735,FALSE
Zm00001d005007,brown,0.931819028926198,0.0353246044764671,1.96714363340266,FALSE
Zm00001d002101,brown,0.927523125466995,2.33028717042214,4.25781029588914,FALSE
Zm00001d002367,brown,0.870034149260543,0.830228621247929,2.70026277050847,FALSE
Zm00001d001766,brown,0.865625068344092,0.849569919133763,2.71519498747785,FALSE
Zm00001d003929,brown,0.850822984166805,0.113031815204944,1.96385479937175,FALSE
Zm00001d004075,brown,0.850601977238427,0.828636062807691,2.67923804004612,FALSE
Zm00001d002896,brown,0.830431870924588,0.890643851970067,2.72107572289466,FALSE
Zm00001d003347,brown,0.801174402599155,0.777473522992162,2.57864792559132,FALSE
Zm00001d004921,brown,0.774903488312827,0.78084898479506,2.55575247310789,FALSE
Zm00001d002364,brown,0.766809456860223,1.04208619700235,2.80889565386258,FALSE
Zm00001d002200,brown,0.732146410400652,1.30754627479374,3.03969268519439,FALSE
Zm00001d004524,brown,0.726487042779888,0.384972967064708,2.1114600098446,FALSE
Zm00001d004287,brown,0.69618240191117,1.0295951895907,2.72577759150187,FALSE
Zm00001d003810,brown,0.669328584177804,0.309814085707653,1.97914266988546,FALSE
Zm00001d002422,brown,0.658246406273253,0.314512952921087,1.97275935919434,FALSE
Zm00001d002613,brown,0.651605865477754,0.483174191053686,2.13478005653144,FALSE
Zm00001d002545,brown,0.643781534460985,0.0433918345403588,1.68717336900134,FALSE
Zm00001d002871,brown,0.615299607088504,0.083898108635604,1.69919771572411,FALSE
Zm00001d003315,brown,0.605264276203029,2.22653378338525,3.83179805958828,FALSE
Zm00001d002286,brown,0.583150286930751,0.333628465389749,1.9167787523205,FALSE
Zm00001d002550,brown,0.563999391954269,0.770162266344721,2.33416165829899,FALSE
Zm00001d004948,brown,0.559920790943209,0.592402175162395,2.1523229661056,FALSE
Zm00001d002432,brown,0.549420868826667,0.077918352582152,1.62733922140882,FALSE
Zm00001d003160,brown,0.542528976212653,0.262133794484065,1.80466277069672,FALSE
Zm00001d002416,brown,0.541465457936178,0.560303718093332,2.10176917602951,FALSE
Zm00001d003867,brown,0.501825210258684,0.807125792662775,2.30895100292146,FALSE
Zm00001d003669,brown,0.480281666311109,0.681625354319367,2.16190702063048,FALSE
Zm00001d002258,brown,0.392280088839674,0.38661082631443,1.7788909151541,FALSE
Zm00001d004137,brown,0.347555992416944,0.601740749090159,1.9492967415071,FALSE
Zm00001d002815,brown,0.333910845734275,0.158897400143226,1.4928082458775,FALSE
Zm00001d005094,brown,0.282596345804872,0.591602407254816,1.87419875305969,FALSE
Zm00001d003311,brown,0.238456899008649,0.0899002381117071,1.32835713712036,FALSE
Zm00001d002904,brown,0.231875820511555,0.44116157024871,1.67303739076027,FALSE
Zm00001d001791,brown,0.210434712681856,0.149239277893156,1.35967399057501,FALSE
Zm00001d002360,brown,0.1671762533022,0.296527370864719,1.46370362416692,FALSE
Zm00001d001908,green,7.11730597452735,2.17886415902417,10.2961701335515,TRUE
Zm00001d002711,green,6.24496854384032,1.31822457283151,8.56319311667183,TRUE
Zm00001d002235,green,5.91741179509676,5.41459819715439,12.3320099922511,TRUE
Zm00001d003214,green,5.66260355220544,2.75346093730872,9.41606448951416,TRUE
Zm00001d005062,green,5.56181438278539,3.46960506686456,10.0314194496499,TRUE
Zm00001d004875,green,5.34475669703443,2.3345742034214,8.67933090045583,TRUE
Zm00001d002595,green,5.32345687935848,1.98929319499256,8.31275007435105,TRUE
Zm00001d003590,green,5.10871449669862,1.7114300188171,7.82014451551572,TRUE
Zm00001d003786,green,5.02881932256543,2.29062343975946,8.31944276232489,TRUE
Zm00001d002680,green,4.85199175444031,1.7937659233243,7.64575767776461,TRUE
Zm00001d003756,green,4.78091715689191,3.03135112325689,8.8122682801488,FALSE
Zm00001d003167,green,4.72179672561379,3.62668774134604,9.34848446695983,FALSE
Zm00001d003017,green,4.46481626133173,1.70300663679858,7.1678228981303,FALSE
Zm00001d003928,green,4.43782958361295,3.88752087023862,9.32535045385157,FALSE
Zm00001d003155,green,4.27081253720363,1.59785669436595,6.86866923156958,FALSE
Zm00001d003153,green,4.17053816330694,1.38680695590692,6.55734511921386,FALSE
Zm00001d001913,green,4.11547409682751,0.918367561623302,6.03384165845081,FALSE
Zm00001d003034,green,4.112868423683,1.9814759024982,7.09434432618121,FALSE
Zm00001d003674,green,3.93272966916888,3.64858892229178,8.58131859146066,FALSE
Zm00001d002946,green,3.81970170365797,2.79483952331523,7.6145412269732,FALSE
Zm00001d004019,green,3.72956578148549,5.78621900301365,10.5157847844991,FALSE
Zm00001d003265,green,3.66676080201044,1.12196103322368,5.78872183523412,FALSE
Zm00001d003067,green,3.64260847734254,0.703374311953614,5.34598278929615,FALSE
Zm00001d003148,green,3.4952394061777,1.0265149918271,5.5217543980048,FALSE
Zm00001d003778,green,3.46384155923091,0.968514681365502,5.43235624059641,FALSE
Zm00001d001800,green,3.43190820597103,1.07698545440064,5.50889366037167,FALSE
Zm00001d002366,green,3.33668871633577,2.84271241287786,7.17940112921363,FALSE
Zm00001d005064,green,3.28939795096381,1.03615624772797,5.32555419869178,FALSE
Zm00001d003044,green,3.23721409338058,1.1059374820128,5.34315157539338,FALSE
Zm00001d003646,green,3.05784962139589,0.860849217762774,4.91869883915867,FALSE
Zm00001d002385,green,3.04745848955702,3.07509011538571,7.12254860494273,FALSE
Zm00001d004270,green,3.0203992559489,0.714891221878076,4.73529047782697,FALSE
Zm00001d003851,green,2.98709912484828,1.19331120702907,5.18041033187735,FALSE
Zm00001d003773,green,2.72280969458194,3.23678590608957,6.95959560067151,FALSE
Zm00001d005104,green,2.47450172767177,2.01666849755172,5.4911702252235,FALSE
Zm00001d002148,green,2.43134348568749,3.34863274839071,6.7799762340782,FALSE
Zm00001d001910,green,2.3752594376208,1.50650195091453,4.88176138853533,FALSE
Zm00001d003839,green,2.34780561287299,1.78282629872434,5.13063191159733,FALSE
Zm00001d004912,green,2.32818005426881,0.952916846519954,4.28109690078877,FALSE
Zm00001d001883,green,2.31232036189524,3.02308011287932,6.33540047477456,FALSE
Zm00001d004999,green,2.25530944352498,0.657779707701135,3.91308915122612,FALSE
Zm00001d004392,green,2.24534309624419,0.853187334503931,4.09853043074812,FALSE
Zm00001d002743,green,2.23430368629757,2.26724337920249,5.50154706550007,FALSE
Zm00001d005178,green,2.22079687535877,0.841928638151903,4.06272551351067,FALSE
Zm00001d002433,green,2.11339107389074,0.446348629983534,3.55973970387427,FALSE
Zm00001d003724,green,2.0584556460975,1.17761561059025,4.23607125668774,FALSE
Zm00001d003393,green,1.9657012947395,3.99802430977415,6.96372560451366,FALSE
Zm00001d004489,green,1.92683598261785,2.77418131622533,5.70101729884318,FALSE
Zm00001d002271,green,1.90993599163106,2.06706662683161,4.97700261846267,FALSE
Zm00001d002682,green,1.7968821403067,1.91939813932093,4.71628027962764,FALSE
Zm00001d004193,green,1.78013221787577,0.943068547775632,3.7232007656514,FALSE
Zm00001d004414,green,1.77717334191273,1.37618814440006,4.15336148631278,FALSE
Zm00001d001895,green,1.70418533831578,3.85577103733377,6.55995637564955,FALSE
Zm00001d003013,green,1.64718070881219,0.837756715602804,3.484937424415,FALSE
Zm00001d004547,green,1.63969306307709,1.51559537741814,4.15528844049523,FALSE
Zm00001d002465,green,1.58930149833091,0.9287288477031,3.51803034603401,FALSE
Zm00001d004775,green,1.58894008807793,1.63634477965646,4.22528486773438,FALSE
Zm00001d002962,green,1.47614496738537,1.76891731814629,4.24506228553166,FALSE
Zm00001d001977,green,1.45134646462114,1.1913391041059,3.64268556872704,FALSE
Zm00001d004910,green,1.26284433983603,1.74161971565456,4.00446405549059,FALSE
Zm00001d002856,green,1.1993618367234,1.46492975155487,3.66429158827827,FALSE
Zm00001d002751,green,1.12975189687157,1.1807380418021,3.31048993867368,FALSE
Zm00001d004651,green,1.08409825988737,1.08020090875931,3.16429916864668,FALSE
Zm00001d003986,green,1.06269854856981,0.759310584342275,2.82200913291208,FALSE
Zm00001d003670,green,1.03060970473054,0.772914082225319,2.80352378695586,FALSE
Zm00001d003830,green,1.00504833637729,1.52464588612571,3.529694222503,FALSE
Zm00001d002806,green,0.965995431804144,0.822050471468427,2.78804590327257,FALSE
Zm00001d002131,green,0.945498464996857,1.22425488095878,3.16975334595564,FALSE
Zm00001d004852,green,0.902228735980072,0.258289318766441,2.16051805474651,FALSE
Zm00001d003809,green,0.861045956829631,0.438929587900399,2.29997554473003,FALSE
Zm00001d001906,green,0.848081609583389,0.580590436672385,2.42867204625577,FALSE
Zm00001d004482,green,0.828304921888456,2.08963429458553,3.91793921647399,FALSE
Zm00001d002854,green,0.820823456442817,1.41898023028744,3.23980368673026,FALSE
Zm00001d005114,green,0.805228341426479,1.33149858226517,3.13672692369165,FALSE
Zm00001d002788,green,0.768483638150566,1.33163095709328,3.10011459524384,FALSE
Zm00001d003736,green,0.731815099970863,0.484138725225684,2.21595382519655,FALSE
Zm00001d004585,green,0.731072405817356,0.150403336532416,1.88147574234977,FALSE
Zm00001d004564,green,0.653853186087559,1.19811129584482,2.85196448193238,FALSE
Zm00001d002878,green,0.651836822017427,0.776218250825476,2.4280550728429,FALSE
Zm00001d005015,green,0.619200268314209,0.440985359662076,2.06018562797628,FALSE
Zm00001d003041,green,0.609964219527356,0.760074163342852,2.37003838287021,FALSE
Zm00001d004437,green,0.595753753627717,1.01368862923516,2.60944238286288,FALSE
Zm00001d002263,green,0.55025085872253,0.278095291018835,1.82834614974137,FALSE
Zm00001d005019,green,0.523396747189968,1.08095142171757,2.60434816890754,FALSE
Zm00001d003431,green,0.521245111710155,1.16411879200335,2.68536390371351,FALSE
Zm00001d002900,green,0.426777744284745,0.314444754706366,1.74122249899111,FALSE
Zm00001d003035,green,0.425966258891233,1.0473835211731,2.47334978006434,FALSE
Zm00001d002576,green,0.409994741887675,0.707515687414531,2.11751042930221,FALSE
Zm00001d001990,green,0.364838273654672,0.675368099716828,2.0402063733715,FALSE
Zm00001d005173,green,0.364796895403358,0.429462353232921,1.79425924863628,FALSE
Zm00001d004689,green,0.342519454815032,1.04193731014763,2.38445676496266,FALSE
Zm00001d004687,green,0.32701338218106,0.367237754645619,1.69425113682668,FALSE
Zm00001d002727,green,0.317168972770182,0.275105104974941,1.59227407774512,FALSE
Zm00001d002814,green,0.287122383878745,0.38456837364133,1.67169075752008,FALSE
Zm00001d002597,green,0.249821082874851,0.10153930607352,1.35136038894837,FALSE
Zm00001d002372,green,0.164909366822889,0.0696077682277804,1.23451713505067,FALSE
Zm00001d004586,green,0.150957866606985,0.205308293806052,1.35626616041304,FALSE
Zm00001d005148,grey,2.15874224307485,1.65434387128197,4.81308611435683,FALSE
Zm00001d002773,grey,1.96851289883958,1.25238467988202,4.22089757872159,FALSE
Zm00001d002496,grey,1.94857760240818,0.99065447043107,3.93923207283925,FALSE
Zm00001d004614,grey,1.61619368566916,1.79824815752285,4.41444184319202,FALSE
Zm00001d002783,grey,0.674860398282527,0.426445412328375,2.1013058106109,FALSE
Zm00001d003555,grey,0.405750994346318,0.485549131114395,1.89130012546071,FALSE
Zm00001d004929,grey,0.392025204911147,0.661281742606702,2.05330694751785,FALSE
Zm00001d004881,grey,0.355890807577249,2.41258218067861,3.76847298825586,FALSE
Zm00001d002642,grey,0.354828444150322,0.621591992412379,1.9764204365627,FALSE
Zm00001d004931,grey,0.325772236849399,0.269507851112653,1.59528008796205,FALSE
Zm00001d004630,grey,0.300242114016144,0.37406943099936,1.6743115450155,FALSE
Zm00001d003102,grey,0.282698938764348,1.3145663621207,2.59726530088504,FALSE
Zm00001d002731,grey,0.273179131205318,1.10534059157208,2.3785197227774,FALSE
Zm00001d004357,grey,0.27125248379778,0.0987290572463097,1.36998154104409,FALSE
Zm00001d003174,grey,0.248472058688244,0.55552293298143,1.80399499166967,FALSE
Zm00001d003804,grey,0.237528872628974,0.132386974409762,1.36991584703874,FALSE
Zm00001d005077,grey,0.230236768973637,0.209986116582711,1.44022288555635,FALSE
Zm00001d003860,grey,0.215836835147981,0.338461266461678,1.55429810160966,FALSE
Zm00001d003559,grey,0.193384612133853,0.10950361680185,1.3028882289357,FALSE
Zm00001d003112,grey,0.181264620566511,1.16256859954425,2.34383322011076,FALSE
Zm00001d004086,grey,0.178018515278969,0.490542815197919,1.66856133047689,FALSE
Zm00001d002522,grey,0.175936325182195,0.437697702284081,1.61363402746628,FALSE
Zm00001d003463,grey,0.155155868549419,0.638569159136614,1.79372502768603,FALSE
Zm00001d004200,grey,0.121712844517261,1.53133074948531,2.65304359400258,FALSE
Zm00001d002071,grey,0.104754018203753,0.355496067172991,1.46025008537674,FALSE
Zm00001d001826,grey,0.104097599077536,0.728502963970919,1.83260056304845,FALSE
Zm00001d002119,grey,0.0997813611466702,0.344387869226053,1.44416923037272,FALSE
Zm00001d003038,grey,0.0938071470098777,0.469092096891598,1.56289924390148,FALSE
Zm00001d004230,grey,0.0885108804361463,0.105831388350746,1.19434226878689,FALSE
Zm00001d002579,grey,0.0875765264188275,0.205385442664586,1.29296196908341,FALSE
Zm00001d003086,grey,0.0844640662450299,0.14189649243198,1.22636055867701,FALSE
Zm00001d004882,grey,0.0808797611921275,0.583435288169017,1.66431504936114,FALSE
Zm00001d005076,grey,0.0799106150345519,0.124091674244736,1.20400228927929,FALSE
Zm00001d002623,grey,0.0788090191461242,0.36438668145108,1.4431957005972,FALSE
Zm00001d004679,grey,0.0770401036740748,0.0325077778135496,1.10954788148762,FALSE
Zm00001d001774,grey,0.0743779717428838,0.198372262672627,1.27275023441551,FALSE
Zm00001d005038,grey,0.0653816845242561,0.151458603134678,1.21684028765893,FALSE
Zm00001d002834,grey,0.0624487799987497,0.111898170021161,1.17434695001991,FALSE
Zm00001d002592,grey,0.0591885346762362,0.201085059983876,1.26027359466011,FALSE
Zm00001d004527,grey,0.0584353551454609,0.306704988215528,1.36514034336099,FALSE
Zm00001d005008,grey,0.0567071115704519,0.0934173935494104,1.15012450511986,FALSE
Zm00001d004880,grey,0.0494711460107883,0.435895693666472,1.48536683967726,FALSE
Zm00001d004236,grey,0.0436997074662953,0.21111440220105,1.25481410966735,FALSE
Zm00001d004519,grey,0.0429428329078476,0.163237374027928,1.20618020693578,FALSE
Zm00001d003554,grey,0.0409371059197909,0.0731994827037698,1.11413658862356,FALSE
Zm00001d003775,grey,0.0379619065229363,0.168071843327857,1.20603374985079,FALSE
Zm00001d002811,grey,0.0367117186879357,1.69370269414319,2.73041441283113,FALSE
Zm00001d004670,grey,0.0337105714104967,0.773999596213984,1.80771016762448,FALSE
Zm00001d002351,grey,0.0331827302833195,0.105921396942092,1.13910412722541,FALSE
Zm00001d005037,grey,0.0317793286430336,0.862377363709421,1.89415669235245,FALSE
Zm00001d005121,grey,0.0316884996257813,0.150786171792476,1.18247467141826,FALSE
Zm00001d004491,grey,0.0297458067116134,0.610650746842626,1.64039655355424,FALSE
Zm00001d003314,grey,0.0282545737972791,0.624550871999404,1.65280544579668,FALSE
Zm00001d004876,grey,0.0243535473817364,0.26313562713959,1.28748917452133,FALSE
Zm00001d005171,grey,0.0239983541437494,0.0592345944458594,1.08323294858961,FALSE
Zm00001d002287,grey,0.0237631590697199,0.550122397791021,1.57388555686074,FALSE
Zm00001d003411,grey,0.0223683261200627,0.118282512989349,1.14065083910941,FALSE
Zm00001d005219,grey,0.0193733300576062,0.0789518300662323,1.09832516012384,FALSE
Zm00001d003408,grey,0.0191707958366677,0.291977178652625,1.31114797448929,FALSE
Zm00001d004065,grey,0.0166433672627008,0.493314271205155,1.50995763846786,FALSE
Zm00001d001796,grey,0.014861166444855,0.0817257442211714,1.09658691066603,FALSE
Zm00001d003709,grey,0.0131529362657793,0.0687632913320138,1.08191622759779,FALSE
Zm00001d003505,grey,0.0115690245781827,0.107408133731633,1.11897715830982,FALSE
Zm00001d003572,grey,0.0100004860260626,0.557230957956581,1.56723144398264,FALSE
Zm00001d003620,grey,0.00861507646628335,0.098701083934979,1.10731616040126,FALSE
Zm00001d003689,grey,0.00783161889641542,0.101522598043412,1.10935421693983,FALSE
Zm00001d003877,grey,0.00776756674864955,0.126945098317147,1.1347126650658,FALSE
Zm00001d003521,grey,0.00755794972949234,0.0556078846706637,1.06316583440016,FALSE
Zm00001d003645,grey,0.00705000856337953,0.190932987303809,1.19798299586719,FALSE
Zm00001d004951,grey,0.00614945566362377,0.18804960660251,1.19419906226613,FALSE
Zm00001d002821,grey,0.00532006078026998,0.113522029010437,1.11884208979071,FALSE
Zm00001d002074,grey,0.00509996239225088,0.0829466310328656,1.08804659342512,FALSE
Zm00001d004293,grey,0.00505005103144361,0.0120909394565412,1.01714099048798,FALSE
Zm00001d003331,grey,0.00481988132639671,0.0362559376723269,1.04107581899872,FALSE
Zm00001d002844,grey,0.00409129609086072,0.0480881519612801,1.05217944805214,FALSE
Zm00001d003357,grey,0.00248219715266541,0.00772328613021422,1.01020548328288,FALSE
Zm00001d002350,grey,0.00220789229701657,0.012763250435774,1.01497114273279,FALSE
Zm00001d003777,grey,0.0013923489473696,0.0538679382693187,1.05526028721669,FALSE
Zm00001d004356,pink,15.5361927662859,0.075252474904655,16.6114452411906,TRUE
Zm00001d004968,pink,15.5145693848401,0.0635046821600067,16.5780740670001,TRUE
Zm00001d004733,pink,15.3509306912933,0.0730702784691442,16.4240009697625,TRUE
Zm00001d003690,pink,14.9889144645873,0.0675608376469707,16.0564753022343,TRUE
Zm00001d003118,pink,14.88534096735,0.0740157379780495,15.959356705328,TRUE
Zm00001d004531,pink,14.7210496073212,0.0628978505620204,15.7839474578832,TRUE
Zm00001d004407,pink,14.2507173874835,0.0812713583956342,15.3319887458791,FALSE
Zm00001d005087,pink,14.0313290106231,0.121351840683706,15.1526808513068,FALSE
Zm00001d004914,pink,13.7590723192659,0.0991432949019462,14.8582156141679,FALSE
Zm00001d004494,pink,13.2864199789314,0.0971270950616958,14.3835470739931,FALSE
Zm00001d003210,pink,12.7930350033129,0.132845536248933,13.9258805395619,FALSE
Zm00001d004162,pink,12.2983733954821,0.0416332846435008,13.3400066801256,FALSE
Zm00001d004088,pink,10.9195390440046,0.18626360977126,12.1058026537759,FALSE
Zm00001d003969,pink,10.9093004927409,0.0807864405048573,11.9900869332457,FALSE
Zm00001d004815,pink,10.8734086008842,0.0575414291005174,11.9309500299847,FALSE
Zm00001d002181,pink,10.789815263739,0.0693965239896155,11.8592117877286,FALSE
Zm00001d005126,pink,10.5985629356282,0.0259143375133135,11.6244772731415,FALSE
Zm00001d003412,pink,10.0461084134952,0.131679409038018,11.1777878225332,FALSE
Zm00001d004371,pink,9.27959603679169,0.097849692064738,10.3774457288564,FALSE
Zm00001d003435,pink,8.58410591404285,0.0925073960938203,9.67661331013667,FALSE
Zm00001d003188,pink,6.93812611738003,0.0544602785410486,7.99258639592108,FALSE
Zm00001d003791,pink,6.50243619596435,0.121025205198535,7.62346140116288,FALSE
Zm00001d004355,pink,6.35319886226127,0.136521288046643,7.48972015030791,FALSE
Zm00001d002560,pink,5.35740143444862,0.0846246822681289,6.44202611671675,FALSE
Zm00001d002007,pink,4.05258080638597,0.101028833143304,5.15360963952928,FALSE
Zm00001d002826,pink,2.51098635951649,0.669110685078783,4.18009704459527,FALSE
Zm00001d004079,pink,2.19038518658632,1.07654860087931,4.26693378746563,FALSE
Zm00001d002758,pink,0.950770271506165,0.738520748507629,2.68929102001379,FALSE
Zm00001d002568,pink,0.864899278909512,2.69551791177256,4.56041719068207,FALSE
Zm00001d003712,pink,0.860491132854602,1.01943374435861,2.87992487721321,FALSE
Zm00001d003793,pink,0.859520382973819,0.0856370160548151,1.94515739902863,FALSE
Zm00001d004480,pink,0.823168970696313,0.706335559703395,2.52950453039971,FALSE
Zm00001d004483,pink,0.809970395840741,0.619969097585069,2.42993949342581,FALSE
Zm00001d002497,pink,0.751083136741814,0.0237057620356482,1.77478889877746,FALSE
Zm00001d005161,pink,0.70553516931339,0.528910206469561,2.23444537578295,FALSE
Zm00001d004243,pink,0.67474444548237,1.15896471550355,2.83370916098592,FALSE
Zm00001d004078,pink,0.674571753719232,0.440920916700425,2.11549267041966,FALSE
Zm00001d003162,pink,0.630904154195066,1.30634213874176,2.93724629293682,FALSE
Zm00001d002507,pink,0.563887890965213,0.139340035582467,1.70322792654768,FALSE
Zm00001d004248,pink,0.458868512932954,1.97138468995012,3.43025320288308,FALSE
Zm00001d002700,pink,0.427268980203002,0.88227911294545,2.30954809314845,FALSE
Zm00001d002641,pink,0.426593852747183,0.307887534767162,1.73448138751434,FALSE
Zm00001d003847,pink,0.355984888203285,2.39361109112261,3.74959597932589,FALSE
Zm00001d003304,pink,0.339773179696132,0.347549146067593,1.68732232576373,FALSE
Zm00001d003120,pink,0.263167487536646,2.5324468373979,3.79561432493454,FALSE
Zm00001d003262,pink,0.245143356922855,2.13697472620341,3.38211808312626,FALSE
Zm00001d003367,pink,0.217334268142904,0.0913707711580659,1.30870503930097,FALSE
Zm00001d004333,pink,0.205827167177098,0.585829885118196,1.79165705229529,FALSE
Zm00001d002754,pink,0.202114551154279,0.327925440048276,1.53003999120256,FALSE
Zm00001d003059,pink,0.157823596986051,0.448904584117343,1.60672818110339,FALSE
Zm00001d004389,pink,0.146793121711542,0.289244621642129,1.43603774335367,FALSE
Zm00001d005239,pink,0.10887890099695,0.0355602804182985,1.14443918141525,FALSE
Zm00001d005174,pink,0.106045061439407,0.330519780543407,1.43656484198281,FALSE
Zm00001d002565,pink,0.0901569721024415,0.0840043959714132,1.17416136807385,FALSE
Zm00001d002320,pink,0.0832738415012188,0.730692170835706,1.81396601233692,FALSE
Zm00001d002952,pink,0.0512413222591077,0.521114167702659,1.57235548996177,FALSE
Zm00001d002847,pink,0.0406559627090445,0.156349086987043,1.19700504969609,FALSE
Zm00001d004865,pink,0.0304804965756691,0.425483604103442,1.45596410067911,FALSE
Zm00001d004778,pink,0.0279253375701147,0.0472442268059226,1.07516956437604,FALSE
Zm00001d004617,pink,0.0118201457467953,0.279524199210211,1.29134434495701,FALSE
Zm00001d003676,red,11.5564779098015,2.10309038795543,14.659568297757,TRUE
Zm00001d003319,red,11.480173891816,2.15521775282336,14.6353916446394,TRUE
Zm00001d003069,red,10.8350837572382,2.3545103916256,14.1895941488638,TRUE
Zm00001d005083,red,10.6481708300159,2.18327159242208,13.831442422438,TRUE
Zm00001d003666,red,10.3296388997515,1.05731624442024,12.3869551441718,TRUE
Zm00001d002699,red,9.9634367957744,4.00025552104556,14.96369231682,TRUE
Zm00001d004442,red,9.11162641934643,2.69150017841355,12.80312659776,TRUE
Zm00001d002541,red,8.64452409038405,1.73055055501084,11.3750746453949,TRUE
Zm00001d003483,red,8.53720265760788,2.93996850595184,12.4771711635597,TRUE
Zm00001d002803,red,8.47033335620945,3.16220981198101,12.6325431681905,FALSE
Zm00001d003980,red,8.41443332240517,2.19727142242387,11.611704744829,FALSE
Zm00001d002494,red,8.33992728946005,0.812787059084759,10.1527143485448,FALSE
Zm00001d001993,red,7.6202604610284,1.69018980352658,10.310450264555,FALSE
Zm00001d004769,red,7.58621758511075,1.35292491600543,9.93914250111618,FALSE
Zm00001d003717,red,7.50656744468466,4.37690358114456,12.8834710258292,FALSE
Zm00001d002505,red,6.62236031931625,2.95865836605974,10.581018685376,FALSE
Zm00001d002675,red,6.47986795680078,0.812957309814019,8.2928252666148,FALSE
Zm00001d004308,red,6.15778703741719,1.88654402451132,9.04433106192851,FALSE
Zm00001d003296,red,6.02723382475168,2.16790090827032,9.195134733022,FALSE
Zm00001d002168,red,5.85328519819951,2.00976584542756,8.86305104362707,FALSE
Zm00001d002557,red,5.61082083013179,1.55112477580226,8.16194560593405,FALSE
Zm00001d003140,red,5.59834048956703,2.3702854969992,8.96862598656624,FALSE
Zm00001d003377,red,5.51072866572761,1.32344586514767,7.83417453087528,FALSE
Zm00001d002019,red,5.01150621295227,4.3094179123918,10.3209241253441,FALSE
Zm00001d004364,red,4.9207800382933,0.0806365005144931,6.00141653880779,FALSE
Zm00001d003316,red,4.90305898770984,2.22391538950034,8.12697437721018,FALSE
Zm00001d003675,red,4.88084237602473,0.946081098506078,6.82692347453081,FALSE
Zm00001d002760,red,4.29354939265771,0.44819844689615,5.74174783955386,FALSE
Zm00001d002018,red,4.06633727964954,2.03045172833636,7.0967890079859,FALSE
Zm00001d003417,red,3.88583764797985,1.22399726885261,6.10983491683246,FALSE
Zm00001d004197,red,3.50893535100499,0.0296783212132028,4.5386136722182,FALSE
Zm00001d005212,red,3.47114257832458,1.01464148503522,5.4857840633598,FALSE
Zm00001d004555,red,3.44340804392013,0.794604114095128,5.23801215801526,FALSE
Zm00001d004310,red,3.25428691430401,0.306507089364768,4.56079400366878,FALSE
Zm00001d002845,red,3.04170171847946,1.19322410592577,5.23492582440523,FALSE
Zm00001d002934,red,2.81708475862444,1.91662979181653,5.73371455044097,FALSE
Zm00001d004134,red,2.79194197200562,1.44368003573218,5.23562200773779,FALSE
Zm00001d003553,red,2.70606762275796,0.596884819294878,4.30295244205284,FALSE
Zm00001d004926,red,2.70087117564846,1.15034172010167,4.85121289575013,FALSE
Zm00001d003039,red,2.67020138776596,3.26056507631504,6.930766464081,FALSE
Zm00001d002712,red,2.59735181350299,3.54138663085476,7.13873844435775,FALSE
Zm00001d004401,red,2.50877510798876,0.745306852203656,4.25408196019242,FALSE
Zm00001d002055,red,2.37430543605707,0.0425327592593128,3.41683819531638,FALSE
Zm00001d003457,red,2.33046966752671,1.11701949763037,4.44748916515709,FALSE
Zm00001d003409,red,2.07930336525436,1.09561097858523,4.17491434383959,FALSE
Zm00001d003016,red,2.06239792167253,0.744831414462556,3.80722933613508,FALSE
Zm00001d003447,red,1.86563025331602,2.66958271950822,5.53521297282424,FALSE
Zm00001d004309,red,1.82739784527596,0.748278964415304,3.57567680969127,FALSE
Zm00001d004495,red,1.74540412152571,0.286844322893436,3.03224844441915,FALSE
Zm00001d002524,red,1.61907407525271,1.70811941674118,4.32719349199389,FALSE
Zm00001d002967,red,1.48696603767188,1.33642644891591,3.82339248658778,FALSE
Zm00001d002285,red,1.43314878635493,1.49089129272098,3.92404007907591,FALSE
Zm00001d003252,red,1.32584912496508,2.00524053517948,4.33108966014456,FALSE
Zm00001d003861,red,1.21354055076148,0.804369043691775,3.01790959445326,FALSE
Zm00001d001947,red,1.17571666574295,1.91815895768501,4.09387562342796,FALSE
Zm00001d002698,red,1.17418228564659,0.835882141773712,3.0100644274203,FALSE
Zm00001d002016,red,1.15623137459384,3.77323173800578,5.92946311259961,FALSE
Zm00001d002043,red,1.14847536874069,1.43325647526962,3.58173184401031,FALSE
Zm00001d002901,red,1.08627652643104,0.352759459805203,2.43903598623624,FALSE
Zm00001d004633,red,1.01608757759848,0.475050182621609,2.49113776022009,FALSE
Zm00001d003607,red,1.00005738956196,0.586998713803389,2.58705610336535,FALSE
Zm00001d003968,red,0.8698150391527,0.700069868849658,2.56988490800236,FALSE
Zm00001d002776,red,0.86422935364309,1.07545601009845,2.93968536374154,FALSE
Zm00001d002695,red,0.850369582430204,1.77908003079861,3.62944961322882,FALSE
Zm00001d003606,red,0.84935815569211,0.516093669487642,2.36545182517975,FALSE
Zm00001d004473,red,0.840702857329252,2.19979190092939,4.04049475825864,FALSE
Zm00001d003632,red,0.818471798014579,3.13010323273913,4.94857503075371,FALSE
Zm00001d002536,red,0.788540954604037,0.441825288627976,2.23036624323201,FALSE
Zm00001d003426,red,0.761231467271009,1.401957660745,3.16318912801601,FALSE
Zm00001d003116,red,0.750471564771261,1.16609585199808,2.91656741676935,FALSE
Zm00001d001941,red,0.72560831349666,0.427692879322467,2.15330119281913,FALSE
Zm00001d002282,red,0.70280174559002,1.48805426978073,3.19085601537075,FALSE
Zm00001d002317,red,0.536752190146097,0.771999570632496,2.30875176077859,FALSE
Zm00001d002974,red,0.526331967963999,0.42464476788578,1.95097673584978,FALSE
Zm00001d004753,red,0.524927382973743,0.712219139560768,2.23714652253451,FALSE
Zm00001d002650,red,0.477164565826047,0.926759632226362,2.40392419805241,FALSE
Zm00001d002072,red,0.437583862259575,0.147632058679886,1.58521592093946,FALSE
Zm00001d003743,red,0.436861424827679,0.415062070777873,1.85192349560555,FALSE
Zm00001d004894,red,0.426017388065509,1.20554588225081,2.63156327031632,FALSE
Zm00001d005051,red,0.352732817468936,1.60798945745674,2.96072227492567,FALSE
Zm00001d005039,red,0.330897048477677,0.555986110062411,1.88688315854009,FALSE
Zm00001d001825,red,0.228381838550349,0.14391235395709,1.37229419250744,FALSE
Zm00001d004743,red,0.210101780207663,0.229140486165529,1.43924226637319,FALSE
Zm00001d002809,red,0.209375923721229,0.298217772325592,1.50759369604682,FALSE
Zm00001d005097,red,0.196856015615013,0.769064348422646,1.96592036403766,FALSE
Zm00001d003020,red,0.190421906328964,0.385220478011147,1.57564238434011,FALSE
Zm00001d002532,red,0.168868668605924,0.366291002965873,1.5351596715718,FALSE
Zm00001d002414,red,0.149576731546579,0.597548191796723,1.7471249233433,FALSE
Zm00001d003616,red,0.147001780141861,0.224315926577083,1.37131770671894,FALSE
Zm00001d001960,red,0.103615830071146,0.601585896701582,1.70520172677273,FALSE
Zm00001d002640,turquoise,12.2621083976412,2.02323429303138,15.2853426906726,TRUE
Zm00001d004215,turquoise,12.0870330968258,1.18227692227518,14.269310019101,TRUE
Zm00001d003710,turquoise,11.9653689999376,1.12234862058899,14.0877176205265,TRUE
Zm00001d002938,turquoise,11.1538071327174,0.897731169636263,13.0515383023536,TRUE
Zm00001d005105,turquoise,10.9272743149107,2.12653770838935,14.0538120233001,TRUE
Zm00001d002511,turquoise,10.9237305068635,1.52172767779896,13.4454581846625,TRUE
Zm00001d003394,turquoise,10.8849501994643,1.58262736305217,13.4675775625165,TRUE
Zm00001d003222,turquoise,10.8101305082756,0.947570746346249,12.7577012546218,TRUE
Zm00001d005100,turquoise,10.0651652412633,1.78054691210185,12.8457121533651,TRUE
Zm00001d001884,turquoise,9.74481352058572,2.23166602364097,12.9764795442267,TRUE
Zm00001d002778,turquoise,9.71301150542154,3.41441400947218,14.1274255148937,TRUE
Zm00001d004702,turquoise,9.45659373466985,2.08158723728793,12.5381809719578,TRUE
Zm00001d002621,turquoise,9.36815248382071,1.26866930300453,11.6368217868252,TRUE
Zm00001d002639,turquoise,9.12040432749078,1.25407107561791,11.3744754031087,TRUE
Zm00001d004300,turquoise,9.11226173201837,2.27626170678031,12.3885234387987,TRUE
Zm00001d002663,turquoise,9.02353007765965,1.2494256725125,11.2729557501721,TRUE
Zm00001d005195,turquoise,8.95980252909493,0.728069808867502,10.6878723379624,FALSE
Zm00001d001834,turquoise,8.64338727096564,2.41620317457989,12.0595904455455,FALSE
Zm00001d004152,turquoise,8.21263619160461,2.431177678568,11.6438138701726,FALSE
Zm00001d003948,turquoise,8.07937740983978,1.11897369849244,10.1983511083322,FALSE
Zm00001d002617,turquoise,7.93419658216368,1.75109235479887,10.6852889369625,FALSE
Zm00001d004466,turquoise,7.72442696629192,0.918341495415159,9.64276846170708,FALSE
Zm00001d002694,turquoise,7.71583434474832,2.6909451321484,11.4067794768967,FALSE
Zm00001d003198,turquoise,7.2704589039117,3.20701734524066,11.4774762491524,FALSE
Zm00001d004099,turquoise,7.07735149077716,0.707936021819661,8.78528751259682,FALSE
Zm00001d003911,turquoise,7.0283810385831,0.780912700624438,8.80929373920753,FALSE
Zm00001d004925,turquoise,6.81522685834328,2.7692878323148,10.5845146906581,FALSE
Zm00001d004033,turquoise,6.78926466255935,2.34232341314761,10.131588075707,FALSE
Zm00001d002257,turquoise,6.38067026837805,0.682567859828247,8.06323812820629,FALSE
Zm00001d004637,turquoise,6.25203662610482,2.29086998669702,9.54290661280184,FALSE
Zm00001d003021,turquoise,6.14535393964247,1.30200772929741,8.44736166893987,FALSE
Zm00001d004372,turquoise,6.12874626267949,2.00355739659321,9.1323036592727,FALSE
Zm00001d002603,turquoise,6.08822831476982,2.59334314248228,9.6815714572521,FALSE
Zm00001d004621,turquoise,6.02387554936916,1.21177947369571,8.23565502306487,FALSE
Zm00001d003182,turquoise,5.93769831144124,2.97430017230247,9.91199848374371,FALSE
Zm00001d002848,turquoise,5.91232554240439,1.40085472184928,8.31318026425367,FALSE
Zm00001d003369,turquoise,5.8147628727897,1.29426882005655,8.10903169284626,FALSE
Zm00001d004557,turquoise,5.52052739541334,1.1141356747498,7.63466307016314,FALSE
Zm00001d004415,turquoise,5.40254834066246,0.66567871306955,7.06822705373201,FALSE
Zm00001d003037,turquoise,5.34483549938381,1.65236870965405,7.99720420903786,FALSE
Zm00001d003664,turquoise,5.26917519366659,1.90489635669094,8.17407155035753,FALSE
Zm00001d004222,turquoise,5.08737149772135,1.25110336096923,7.33847485869058,FALSE
Zm00001d003649,turquoise,4.96468912869554,2.43569173882109,8.40038086751663,FALSE
Zm00001d002128,turquoise,4.88720727427008,1.43975441259569,7.32696168686577,FALSE
Zm00001d004707,turquoise,4.75683189137883,2.58902392843304,8.34585581981187,FALSE
Zm00001d002770,turquoise,4.72785379075601,3.49601445902244,9.22386824977845,FALSE
Zm00001d001980,turquoise,4.72598575805412,0.672644781774392,6.39863053982852,FALSE
Zm00001d001978,turquoise,4.72268903056415,2.99314168229062,8.71583071285477,FALSE
Zm00001d003300,turquoise,4.71922179298196,1.20146332484581,6.92068511782777,FALSE
Zm00001d003203,turquoise,4.71522610738504,1.40626832032932,7.12149442771436,FALSE
Zm00001d003023,turquoise,4.38628804269447,1.38467921767794,6.77096726037241,FALSE
Zm00001d003128,turquoise,4.29732357829316,2.84545195057172,8.14277552886487,FALSE
Zm00001d005059,turquoise,4.16743007852595,2.29047616649144,7.45790624501739,FALSE
Zm00001d002691,turquoise,3.99701529629267,0.620319184981756,5.61733448127443,FALSE
Zm00001d003913,turquoise,3.99233349910608,0.389235467246694,5.38156896635278,FALSE
Zm00001d003593,turquoise,3.93641543906827,0.674853473669323,5.6112689127376,FALSE
Zm00001d002305,turquoise,3.89515976275135,0.77433068463315,5.6694904473845,FALSE
Zm00001d001909,turquoise,3.84668127140289,2.68243952641789,7.52912079782079,FALSE
Zm00001d003250,turquoise,3.84001224944039,1.31092819331947,6.15094044275987,FALSE
Zm00001d001974,turquoise,3.76581128457491,0.635017574033029,5.40082885860794,FALSE
Zm00001d004526,turquoise,3.73132668383583,0.649677318194834,5.38100400203067,FALSE
Zm00001d002099,turquoise,3.68497545678787,1.86058734243918,6.54556279922705,FALSE
Zm00001d004121,turquoise,3.6248155928289,0.748516497835995,5.37333209066489,FALSE
Zm00001d004716,turquoise,3.49943072577891,1.54619192670894,6.04562265248785,FALSE
Zm00001d002521,turquoise,3.47171820206954,0.365355428617159,4.8370736306867,FALSE
Zm00001d002668,turquoise,3.46654278197139,0.55950695992215,5.02604974189354,FALSE
Zm00001d002250,turquoise,3.45057865788107,1.172575486836,5.62315414471706,FALSE
Zm00001d004591,turquoise,3.36968121912446,1.04275870020588,5.41243991933033,FALSE
Zm00001d002944,turquoise,3.36003667795364,1.19967266521553,5.55970934316917,FALSE
Zm00001d003950,turquoise,3.23107156227426,0.770904640691621,5.00197620296588,FALSE
Zm00001d003941,turquoise,3.22710138310013,1.79365042846306,6.02075181156319,FALSE
Zm00001d003376,turquoise,3.21034633702461,0.500276045901704,4.71062238292632,FALSE
Zm00001d002175,turquoise,3.1818794436089,2.37192990149986,6.55380934510876,FALSE
Zm00001d002091,turquoise,3.09102585640221,2.27952937539076,6.37055523179297,FALSE
Zm00001d005157,turquoise,3.05364341748016,1.42567819272909,5.47932161020925,FALSE
Zm00001d004298,turquoise,3.03311452637961,0.714001947496933,4.74711647387654,FALSE
Zm00001d001790,turquoise,2.94278257291605,2.01877190689551,5.96155447981156,FALSE
Zm00001d002602,turquoise,2.93888397455817,0.710067914660705,4.64895188921887,FALSE
Zm00001d004561,turquoise,2.8960329878229,4.4417260240048,8.33775901182769,FALSE
Zm00001d005177,turquoise,2.80844492123302,0.510583854171174,4.3190287754042,FALSE
Zm00001d004208,turquoise,2.62870201589093,0.693339967894495,4.32204198378542,FALSE
Zm00001d004452,turquoise,2.50383922189371,1.80366180193775,5.30750102383146,FALSE
Zm00001d003145,turquoise,2.48311909046283,0.632270191011644,4.11538928147447,FALSE
Zm00001d005001,turquoise,2.3730119898616,0.593614887171402,3.966626877033,FALSE
Zm00001d004505,turquoise,2.3587721737551,0.366480661084404,3.7252528348395,FALSE
Zm00001d003019,turquoise,2.2157689859391,1.31350550693917,4.52927449287827,FALSE
Zm00001d004463,turquoise,2.19618366522896,1.95301288408186,5.14919654931082,FALSE
Zm00001d001784,turquoise,2.13047374526802,2.20858538432312,5.33905912959115,FALSE
Zm00001d005147,turquoise,2.08606490959919,1.12284332600824,4.20890823560743,FALSE
Zm00001d003275,turquoise,2.01244588100462,1.83643253440411,4.84887841540874,FALSE
Zm00001d002693,turquoise,1.9818582697326,0.884057502585718,3.86591577231832,FALSE
Zm00001d005004,turquoise,1.95566201429575,0.815288622227543,3.7709506365233,FALSE
Zm00001d002039,turquoise,1.94753567978367,1.53563276594114,4.48316844572481,FALSE
Zm00001d004023,turquoise,1.94446444727248,1.00134098365123,3.94580543092371,FALSE
Zm00001d003693,turquoise,1.93736856952449,0.538603846676998,3.47597241620149,FALSE
Zm00001d003584,turquoise,1.93552228280484,1.20714721277826,4.1426694955831,FALSE
Zm00001d001871,turquoise,1.9331869460145,0.746672628321164,3.67985957433567,FALSE
Zm00001d003655,turquoise,1.9321968320004,0.80522421341772,3.73742104541812,FALSE
Zm00001d002542,turquoise,1.89539606817162,1.48461640510935,4.38001247328097,FALSE
Zm00001d003012,turquoise,1.85452905534071,0.81232745272112,3.66685650806183,FALSE
Zm00001d003949,turquoise,1.8245572186513,1.25691133356105,4.08146855221236,FALSE
Zm00001d003468,turquoise,1.77149563177665,1.45723035306623,4.22872598484288,FALSE
Zm00001d003027,turquoise,1.65478550075549,1.00185324060161,3.65663874135711,FALSE
Zm00001d003057,turquoise,1.64710958578079,0.645149768716249,3.29225935449704,FALSE
Zm00001d001987,turquoise,1.60301577650551,2.55793111711951,5.16094689362502,FALSE
Zm00001d003495,turquoise,1.5305250701282,1.03212269943616,3.56264776956436,FALSE
Zm00001d002775,turquoise,1.52131145336201,1.48878150945573,4.01009296281774,FALSE
Zm00001d001973,turquoise,1.44190030076475,1.93523599897837,4.37713629974311,FALSE
Zm00001d001827,turquoise,1.37960395219538,1.24511608357965,3.62472003577503,FALSE
Zm00001d003673,turquoise,1.37560763853764,1.67835873872582,4.05396637726346,FALSE
Zm00001d002135,turquoise,1.30584660815718,1.41094216128181,3.71678876943899,FALSE
Zm00001d001902,turquoise,1.30045027439198,0.731832428469334,3.03228270286132,FALSE
Zm00001d003005,turquoise,1.26591392526195,1.93326439017192,4.19917831543386,FALSE
Zm00001d001999,turquoise,1.24130136399214,0.92713669213267,3.16843805612481,FALSE
Zm00001d002755,turquoise,1.22758046422753,0.349322568128367,2.5769030323559,FALSE
Zm00001d003108,turquoise,1.16464900073899,1.53036476973676,3.69501377047575,FALSE
Zm00001d003544,turquoise,1.11879786925185,1.08995830004131,3.20875616929316,FALSE
Zm00001d002761,turquoise,1.11841702427173,1.56048868826577,3.6789057125375,FALSE
Zm00001d004006,turquoise,1.11631987495846,0.836377130024338,2.9526970049828,FALSE
Zm00001d002790,turquoise,1.05735981553953,0.427644129972242,2.48500394551177,FALSE
Zm00001d003258,turquoise,1.04937788924336,0.497618749283826,2.54699663852719,FALSE
Zm00001d002178,turquoise,1.04481541912316,0.893530663889066,2.93834608301223,FALSE
Zm00001d004048,turquoise,1.00904009851933,0.921580007274846,2.93062010579418,FALSE
Zm00001d002160,turquoise,0.968368914009606,0.970736883087422,2.93910579709703,FALSE
Zm00001d004361,turquoise,0.966350874657868,0.442694799079606,2.40904567373747,FALSE
Zm00001d002159,turquoise,0.953029055231102,2.43321039629225,4.38623945152335,FALSE
Zm00001d003281,turquoise,0.936867996301119,0.159402876845091,2.09627087314621,FALSE
Zm00001d002876,turquoise,0.936450161897533,0.873468572037988,2.80991873393552,FALSE
Zm00001d004446,turquoise,0.913890974834123,2.3868839802399,4.30077495507402,FALSE
Zm00001d001813,turquoise,0.859603302010683,1.68494839392622,3.5445516959369,FALSE
Zm00001d003242,turquoise,0.813038056306513,0.388845159616426,2.20188321592294,FALSE
Zm00001d003550,turquoise,0.803253452255248,0.693058356503586,2.49631180875883,FALSE
Zm00001d002741,turquoise,0.767254806627283,0.465076892734194,2.23233169936148,FALSE
Zm00001d003271,turquoise,0.751581676359383,0.949569684706689,2.70115136106607,FALSE
Zm00001d002161,turquoise,0.741228019346587,1.65285745011499,3.39408546946158,FALSE
Zm00001d003630,turquoise,0.717494903305001,1.17970901516061,2.89720391846561,FALSE
Zm00001d005040,turquoise,0.686268717227413,0.39046356382315,2.07673228105056,FALSE
Zm00001d003438,turquoise,0.624788924900743,0.976021316205542,2.60081024110628,FALSE
Zm00001d002598,turquoise,0.62280075033584,0.473749633825365,2.0965503841612,FALSE
Zm00001d001811,turquoise,0.590916180246279,0.540335053741637,2.13125123398792,FALSE
Zm00001d004943,turquoise,0.575271136033432,0.361133304611979,1.93640444064541,FALSE
Zm00001d003758,turquoise,0.537230927913429,0.702884086736232,2.24011501464966,FALSE
Zm00001d002884,turquoise,0.476755640314561,0.938318789949445,2.41507443026401,FALSE
Zm00001d005194,turquoise,0.459396355859694,0.618884381270116,2.07828073712981,FALSE
Zm00001d002772,turquoise,0.448823118194573,0.745675678274528,2.1944987964691,FALSE
Zm00001d002960,turquoise,0.355380526161137,0.294022484544357,1.64940301070549,FALSE
Zm00001d002740,turquoise,0.280106252165339,0.173954341458129,1.45406059362347,FALSE
Zm00001d002569,turquoise,0.236990168849286,0.33573751102997,1.57272767987926,FALSE
Zm00001d001916,turquoise,0.234695865419763,0.199444590861071,1.43414045628083,FALSE
Zm00001d002348,turquoise,0.220793111603528,0.307163561263325,1.52795667286685,FALSE
Zm00001d003571,turquoise,0.212035469193184,0.131100163150809,1.34313563234399,FALSE
Zm00001d004438,turquoise,0.150006991753479,0.424070039404473,1.57407703115795,FALSE
Zm00001d002288,turquoise,0.120716010205327,0.329669085654149,1.45038509585948,FALSE
Zm00001d002283,yellow,6.93274377864676,0.43122917313382,8.36397295178058,TRUE
Zm00001d003200,yellow,6.76707913211886,1.55448549339464,9.3215646255135,TRUE
Zm00001d002292,yellow,6.35581148412432,0.764575277897277,8.1203867620216,TRUE
Zm00001d003903,yellow,6.31942690734383,0.546385267472782,7.86581217481662,TRUE
Zm00001d003485,yellow,6.2855605144718,0.671246758976046,7.95680727344785,TRUE
Zm00001d004506,yellow,5.88789718221029,0.420173962235234,7.30807114444553,TRUE
Zm00001d002965,yellow,5.66445197497579,0.311864188119821,6.97631616309561,TRUE
Zm00001d004751,yellow,5.44724413772721,1.50934791274874,7.95659205047595,TRUE
Zm00001d002824,yellow,5.35329737464306,1.70739198709578,8.06068936173884,TRUE
Zm00001d004486,yellow,4.92789189514853,0.186784223724509,6.11467611887303,TRUE
Zm00001d003667,yellow,4.86636697386601,3.90918494557753,9.77555191944354,FALSE
Zm00001d004484,yellow,4.73000800855786,0.189908635687207,5.91991664424507,FALSE
Zm00001d003538,yellow,4.67791544123105,1.95831976800993,7.63623520924097,FALSE
Zm00001d002810,yellow,4.51690807955079,3.68783392890859,9.20474200845937,FALSE
Zm00001d003470,yellow,4.19842373590573,3.11536151855261,8.31378525445833,FALSE
Zm00001d004509,yellow,4.14943189079087,0.201946813085033,5.3513787038759,FALSE
Zm00001d003114,yellow,3.82284037161857,4.07680984590942,8.89965021752799,FALSE
Zm00001d002133,yellow,3.76414343121267,0.686538675382533,5.4506821065952,FALSE
Zm00001d002021,yellow,3.74503581465655,2.01686680932543,6.76190262398198,FALSE
Zm00001d003654,yellow,3.74033663482808,2.74297226134432,7.4833088961724,FALSE
Zm00001d003774,yellow,3.48330474556762,1.67335571490459,6.15666046047221,FALSE
Zm00001d004472,yellow,3.46334829102143,1.54491643936946,6.00826473039089,FALSE
Zm00001d003958,yellow,3.35164256513671,2.88376558422174,7.23540814935845,FALSE
Zm00001d004159,yellow,3.3239619244561,3.15660908559205,7.48057101004815,FALSE
Zm00001d003228,yellow,3.17445199873434,0.806442120462161,4.9808941191965,FALSE
Zm00001d003994,yellow,3.14374370191455,0.547830082321764,4.69157378423631,FALSE
Zm00001d003855,yellow,3.12071722686295,4.45689681092113,8.57761403778408,FALSE
Zm00001d003501,yellow,3.09136872532556,0.978442973496217,5.06981169882177,FALSE
Zm00001d003509,yellow,2.87246577921779,0.809926258992312,4.6823920382101,FALSE
Zm00001d002139,yellow,2.86122164232103,0.711632391091692,4.57285403341272,FALSE
Zm00001d002022,yellow,2.81200722839877,1.84630145671344,5.65830868511222,FALSE
Zm00001d002410,yellow,2.71081856071616,1.38181794004435,5.09263650076051,FALSE
Zm00001d002369,yellow,2.62900940086009,2.1415597734074,5.77056917426749,FALSE
Zm00001d003070,yellow,2.57325460428509,0.1119219107828,3.68517651506789,FALSE
Zm00001d003784,yellow,2.53066683792378,0.458714345029844,3.98938118295363,FALSE
Zm00001d002046,yellow,2.50638052385596,1.74286711880337,5.24924764265933,FALSE
Zm00001d001877,yellow,2.47910712244158,2.76560998569474,6.24471710813632,FALSE
Zm00001d003395,yellow,2.4302061175887,3.65377918559579,7.0839853031845,FALSE
Zm00001d002491,yellow,2.34508037167792,1.28936910578081,4.63444947745873,FALSE
Zm00001d002314,yellow,2.32605858213457,1.10541384802539,4.43147243015996,FALSE
Zm00001d002825,yellow,2.27630822394104,0.931123670512458,4.2074318944535,FALSE
Zm00001d003938,yellow,2.27191349718171,0.591667494985402,3.86358099216711,FALSE
Zm00001d001832,yellow,2.1937344458824,0.406165683939166,3.59990012982156,FALSE
Zm00001d003333,yellow,2.03381936816968,2.23530281203128,5.26912218020095,FALSE
Zm00001d002798,yellow,1.98150645563133,1.72618700380719,4.70769345943853,FALSE
Zm00001d001865,yellow,1.91935817473548,0.83596856967594,3.75532674441142,FALSE
Zm00001d002402,yellow,1.8273109606889,0.276399098660916,3.10371005934981,FALSE
Zm00001d003301,yellow,1.80738251797467,0.676094290413457,3.48347680838812,FALSE
Zm00001d002079,yellow,1.79298344233383,2.72126503583812,5.51424847817196,FALSE
Zm00001d005203,yellow,1.77235915863204,1.25503195500865,4.02739111364069,FALSE
Zm00001d004545,yellow,1.76209557030167,0.236649061274183,2.99874463157586,FALSE
Zm00001d001868,yellow,1.72084778229674,0.782196948449009,3.50304473074575,FALSE
Zm00001d002594,yellow,1.68261244452487,2.09770715106871,4.78031959559358,FALSE
Zm00001d003508,yellow,1.67895240521773,0.43101256771593,3.10996497293366,FALSE
Zm00001d003099,yellow,1.56708076479162,0.633682421600973,3.2007631863926,FALSE
Zm00001d002725,yellow,1.55720973178608,1.47517767606924,4.03238740785532,FALSE
Zm00001d002956,yellow,1.54107834985598,1.24684264671989,3.78792099657587,FALSE
Zm00001d003850,yellow,1.38637338878133,0.823851024339323,3.21022441312065,FALSE
Zm00001d003650,yellow,1.38606719441879,1.24312060191635,3.62918779633514,FALSE
Zm00001d003419,yellow,1.38136431526958,0.240021691234386,2.62138600650396,FALSE
Zm00001d001905,yellow,1.33894722068964,1.52296806270738,3.86191528339701,FALSE
Zm00001d003995,yellow,1.31160147705123,0.713889741342885,3.02549121839411,FALSE
Zm00001d003103,yellow,1.31118277438661,3.11935252181193,5.43053529619854,FALSE
Zm00001d001927,yellow,1.26497839315653,0.367583414546244,2.63256180770278,FALSE
Zm00001d001976,yellow,1.25465360795684,0.423216212386376,2.67786982034322,FALSE
Zm00001d003115,yellow,1.18315560177249,0.845279931165549,3.02843553293804,FALSE
Zm00001d003195,yellow,1.14817122546877,1.81495814587231,3.96312937134108,FALSE
Zm00001d002435,yellow,1.13778838012617,0.573334485647687,2.71112286577385,FALSE
Zm00001d005241,yellow,1.08453242856088,1.05703619492987,3.14156862349074,FALSE
Zm00001d005057,yellow,1.04923144976548,0.362606421174447,2.41183787093993,FALSE
Zm00001d003545,yellow,1.02195364408003,1.35780196424265,3.37975560832268,FALSE
Zm00001d003334,yellow,0.997976656812569,1.07390346772469,3.07188012453726,FALSE
Zm00001d003064,yellow,0.950412262759034,0.473227881385508,2.42364014414454,FALSE
Zm00001d005011,yellow,0.907018619873632,1.4003602896879,3.30737890956153,FALSE
Zm00001d004559,yellow,0.901763859106034,2.08490501566006,3.9866688747661,FALSE
Zm00001d003002,yellow,0.861641931753163,1.19860609766259,3.06024802941575,FALSE
Zm00001d004448,yellow,0.783321122062626,1.30460812164776,3.08792924371039,FALSE
Zm00001d003719,yellow,0.765350699301295,0.0775380013688922,1.84288870067019,FALSE
Zm00001d002625,yellow,0.762153351317252,0.722367759637837,2.48452111095509,FALSE
Zm00001d005146,yellow,0.726624506105555,1.47037124850423,3.19699575460978,FALSE
Zm00001d002199,yellow,0.712192309467478,0.183876353641767,1.89606866310925,FALSE
Zm00001d005137,yellow,0.698537055581926,1.62566802611158,3.3242050816935,FALSE
Zm00001d004762,yellow,0.683646675278861,1.09326173480941,2.77690841008827,FALSE
Zm00001d002304,yellow,0.670130510217481,0.0855230790924597,1.75565358930994,FALSE
Zm00001d003390,yellow,0.622999121166851,0.669381549447941,2.29238067061479,FALSE
Zm00001d001961,yellow,0.602556837887162,0.354357343174343,1.9569141810615,FALSE
Zm00001d003358,yellow,0.601915180330007,0.209896615122006,1.81181179545201,FALSE
Zm00001d002704,yellow,0.579097795247389,1.07123630023734,2.65033409548473,FALSE
Zm00001d002302,yellow,0.559072267296434,0.530558262712942,2.08963053000938,FALSE
Zm00001d001879,yellow,0.50731801810757,0.370569944383928,1.8778879624915,FALSE
Zm00001d002038,yellow,0.498481213003978,0.521291644732397,2.01977285773638,FALSE
Zm00001d004216,yellow,0.467358676119874,0.338586269931306,1.80594494605118,FALSE
Zm00001d002090,yellow,0.462655209304651,0.913319460036145,2.3759746693408,FALSE
Zm00001d002198,yellow,0.456036218246061,0.276353169578289,1.73238938782435,FALSE
Zm00001d002069,yellow,0.408872666545111,0.312045141354941,1.72091780790005,FALSE
Zm00001d005055,yellow,0.386671678743476,0.727064602277721,2.1137362810212,FALSE
Zm00001d002970,yellow,0.352112676794632,0.211140192394264,1.5632528691889,FALSE
Zm00001d004681,yellow,0.194235604879239,0.133316120738612,1.32755172561785,FALSE
