chr1,base1,strand1,chr2,base2,strand2,junction_type,read_name
chr9,130854100,-,chr22,23290410,-,-1,61PKHAAXX_HWUSI-EAS627_0007:4:1:1716:17840
chrM,10744,-,chrM,14106,-,-1,61PKHAAXX_HWUSI-EAS627_0007:4:76:2954:4125
chrM,4909,+,chrM,2253,+,0,61PKHAAXX_HWUSI-EAS627_0007:4:112:5420:3022
chrM,8537,+,chrM,2286,+,-1,61PKHAAXX_HWUSI-EAS627_0007:4:59:10449:13717
chrM,7812,-,chr7,128865591,-,0,61PKHAAXX_HWUSI-EAS627_0007:4:64:1389:7424
chrM,8927,-,chr19,48615878,+,0,61PKHAAXX_HWUSI-EAS627_0007:4:61:8879:9105
chr9,130854063,-,chr22,23290414,-,2,61PKHAAXX_HWUSI-EAS627_0007:4:62:12074:6986
chrM,5353,-,chr12,6537324,-,-1,61PKHAAXX_HWUSI-EAS627_0007:4:82:8922:20528
chrM,12554,+,chrM,10943,+,-1,61PKHAAXX_HWUSI-EAS627_0007:4:111:15577:10225
chr9,131199016,+,chr22,16808084,-,1,61PKHAAXX_HWUSI-EAS627_0007:4:88:1794:10786
chrM,12960,+,chrM,8693,+,-1,61PKHAAXX_HWUSI-EAS627_0007:4:95:19112:1477
chrM,6542,-,chr17,41689047,-,0,61PKHAAXX_HWUSI-EAS627_0007:4:1:18074:16255
chrM,9117,+,chrM,5389,+,-1,61PKHAAXX_HWUSI-EAS627_0007:4:112:19313:15405
chrM,1687,-,chr19,48615876,+,0,61PKHAAXX_HWUSI-EAS627_0007:4:105:4596:11180
chrM,13989,+,chrM,2280,+,-1,61PKHAAXX_HWUSI-EAS627_0007:4:2:4650:15257
chrM,8450,-,chrM,9101,-,-1,61PKHAAXX_HWUSI-EAS627_0007:4:2:5921:9164
chrM,13953,+,chrM,9627,+,-1,61PKHAAXX_HWUSI-EAS627_0007:4:2:6242:16121
chrM,11202,-,chrM,13028,-,-1,61PKHAAXX_HWUSI-EAS627_0007:4:2:6633:15489
chr9,130854063,-,chr22,23290414,-,2,61PKHAAXX_HWUSI-EAS627_0007:4:2:7358:11098
chrM,8674,+,chrM,8386,+,-1,61PKHAAXX_HWUSI-EAS627_0007:4:2:8896:16721
chrM,8927,-,chrM,13940,-,0,61PKHAAXX_HWUSI-EAS627_0007:4:2:8970:10137
chrM,10746,-,chrM,14114,-,-1,61PKHAAXX_HWUSI-EAS627_0007:4:115:13647:9551
chr22,23290367,+,chr9,130854074,+,-1,61PKHAAXX_HWUSI-EAS627_0007:4:2:11696:6481
chr22,23290414,+,chr9,130854063,+,1,61PKHAAXX_HWUSI-EAS627_0007:4:2:12716:10021
chrM,8629,+,chrM,7110,+,-1,61PKHAAXX_HWUSI-EAS627_0007:4:2:14976:11989
chrM,15867,+,chrM,2312,+,-1,61PKHAAXX_HWUSI-EAS627_0007:4:67:10457:7349
chrM,10925,-,chrM,14106,-,-1,61PKHAAXX_HWUSI-EAS627_0007:4:96:17211:3743
chrM,13604,+,chrM,11554,+,-1,61PKHAAXX_HWUSI-EAS627_0007:4:3:6646:1121
chrM,2379,-,chrM,12430,-,-1,61PKHAAXX_HWUSI-EAS627_0007:4:3:7665:19040
chr9,130854071,-,chr22,23290406,-,-1,61PKHAAXX_HWUSI-EAS627_0007:4:3:8721:12652
chrM,6542,-,chr17,41689047,-,0,61PKHAAXX_HWUSI-EAS627_0007:4:3:10190:9521
chr9,130854089,-,chr22,23290414,-,-1,61PKHAAXX_HWUSI-EAS627_0007:4:90:10772:5932
chr9,130854063,-,chr22,23290414,-,2,61PKHAAXX_HWUSI-EAS627_0007:4:4:2808:9886
chrM,13944,+,chrM,9578,+,0,61PKHAAXX_HWUSI-EAS627_0007:4:62:14078:5662
chrM,1685,-,chrM,15321,-,0,61PKHAAXX_HWUSI-EAS627_0007:4:93:9814:6645
chrM,5947,-,chrM,8677,-,-1,61PKHAAXX_HWUSI-EAS627_0007:4:4:12887:13213
chrM,10910,-,chrM,13779,-,-1,61PKHAAXX_HWUSI-EAS627_0007:4:4:15837:9427
chrM,10838,-,chrM,13257,-,-1,61PKHAAXX_HWUSI-EAS627_0007:4:107:4461:19457
chrM,9426,-,chrM,14055,-,-1,61PKHAAXX_HWUSI-EAS627_0007:4:112:15155:19192
chr9,130854063,-,chr22,23290414,-,2,61PKHAAXX_HWUSI-EAS627_0007:4:5:7969:10116
chrM,8682,+,chrM,8410,+,-1,61PKHAAXX_HWUSI-EAS627_0007:4:64:2061:14437
chrM,2241,-,chrM,13754,-,-1,61PKHAAXX_HWUSI-EAS627_0007:4:5:9794:19858
chr12,6537941,+,chrM,5371,+,-1,61PKHAAXX_HWUSI-EAS627_0007:4:108:2389:17660
chrM,14004,+,chrM,6340,+,2,61PKHAAXX_HWUSI-EAS627_0007:4:5:19643:4059
chrM,6001,-,chrM,9122,-,-1,61PKHAAXX_HWUSI-EAS627_0007:4:6:5545:3292
chrM,8393,-,chrM,8762,-,-1,61PKHAAXX_HWUSI-EAS627_0007:4:114:1763:20573
chrM,13940,+,chrM,8939,+,-1,61PKHAAXX_HWUSI-EAS627_0007:4:6:7524:1225
chrM,13715,+,chrM,5384,+,-1,61PKHAAXX_HWUSI-EAS627_0007:4:66:12081:9919
chr6,31865785,+,chr6,31651655,+,2,61PKHAAXX_HWUSI-EAS627_0007:4:6:12118:18249
chr22,16808084,+,chr9,131199016,-,2,61PKHAAXX_HWUSI-EAS627_0007:4:6:14324:8444
chrM,7135,-,chrM,9117,-,-1,61PKHAAXX_HWUSI-EAS627_0007:4:76:9513:13555
chrM,12943,+,chrM,1688,+,-1,61PKHAAXX_HWUSI-EAS627_0007:4:103:15065:18347
chr4,24576494,-,chrM,12016,+,0,61PKHAAXX_HWUSI-EAS627_0007:4:6:18871:11918
chrM,9571,-,chrM,13935,-,0,61PKHAAXX_HWUSI-EAS627_0007:4:107:18096:3633
chrM,13951,+,chrM,8656,+,-1,61PKHAAXX_HWUSI-EAS627_0007:4:7:1337:19004
chrM,9297,-,chrM,14123,-,-1,61PKHAAXX_HWUSI-EAS627_0007:4:7:3798:18230
chrM,4742,+,chrM,2393,+,-1,61PKHAAXX_HWUSI-EAS627_0007:4:7:7907:8958
chrM,8666,+,chrM,8364,+,0,61PKHAAXX_HWUSI-EAS627_0007:4:109:15212:15482
chrM,1675,-,chrM,12957,-,0,61PKHAAXX_HWUSI-EAS627_0007:4:7:9711:6352
chr6,31865785,+,chr6,31651655,+,2,61PKHAAXX_HWUSI-EAS627_0007:4:70:5938:10223
chrM,2228,-,chrM,13950,-,-1,61PKHAAXX_HWUSI-EAS627_0007:4:92:5411:2820
chrM,8927,-,chr19,48615878,+,0,61PKHAAXX_HWUSI-EAS627_0007:4:103:9213:7222
chr6,31651676,-,chr6,31865766,-,-1,61PKHAAXX_HWUSI-EAS627_0007:4:7:17493:3277
chr16,400411,+,chrM,1688,+,0,61PKHAAXX_HWUSI-EAS627_0007:4:70:9262:2467
chr22,23290414,+,chr9,130854063,+,1,61PKHAAXX_HWUSI-EAS627_0007:4:117:2727:14925
chrM,7118,-,chrM,13847,-,-1,61PKHAAXX_HWUSI-EAS627_0007:4:118:12696:18642
chrM,14040,+,chrM,7140,+,-1,61PKHAAXX_HWUSI-EAS627_0007:4:8:6966:3274
chrM,2699,-,chrM,4709,-,-1,61PKHAAXX_HWUSI-EAS627_0007:4:98:10490:3806
chrM,8673,+,chrM,5952,+,-1,61PKHAAXX_HWUSI-EAS627_0007:4:91:6320:4781
chrM,13989,+,chrM,6342,+,-1,61PKHAAXX_HWUSI-EAS627_0007:4:8:12026:8876
chr6,31865722,+,chr6,31651661,+,-1,61PKHAAXX_HWUSI-EAS627_0007:4:8:14180:11710
chrM,8461,-,chr19,3977888,+,-1,61PKHAAXX_HWUSI-EAS627_0007:4:87:4173:6763
chr22,16808087,+,chr9,131199016,-,2,61PKHAAXX_HWUSI-EAS627_0007:4:100:7307:5313
chrM,13437,+,chrM,11104,+,-1,61PKHAAXX_HWUSI-EAS627_0007:4:8:15817:9177
chr6,31865785,+,chr6,31651655,+,2,61PKHAAXX_HWUSI-EAS627_0007:4:58:17448:5389
chr6,31865785,+,chr6,31651655,+,2,61PKHAAXX_HWUSI-EAS627_0007:4:109:10018:14028
chr19,55387971,+,chrM,12030,+,-1,61PKHAAXX_HWUSI-EAS627_0007:4:105:17012:17816
chrM,12017,-,chr4,24576494,+,0,61PKHAAXX_HWUSI-EAS627_0007:4:9:5853:12191
chrM,12017,-,chr4,24576494,+,0,61PKHAAXX_HWUSI-EAS627_0007:4:9:6465:13597
chrM,13584,+,chrM,11058,+,0,61PKHAAXX_HWUSI-EAS627_0007:4:105:3716:14945
chrM,5308,-,chrM,8625,-,1,61PKHAAXX_HWUSI-EAS627_0007:4:9:10927:12342
chrM,8504,-,chrM,13976,-,-1,61PKHAAXX_HWUSI-EAS627_0007:4:120:6843:1591
chr9,130854063,-,chr22,23290414,-,2,61PKHAAXX_HWUSI-EAS627_0007:4:112:16616:10694
chr9,131199016,+,chr22,16808084,-,1,61PKHAAXX_HWUSI-EAS627_0007:4:70:11804:17811
chrM,5294,-,chrM,9086,-,-1,61PKHAAXX_HWUSI-EAS627_0007:4:9:12348:3831
chr6,31651655,-,chr6,31865785,-,1,61PKHAAXX_HWUSI-EAS627_0007:4:9:13136:19072
chrM,13870,+,chrM,8491,+,0,61PKHAAXX_HWUSI-EAS627_0007:4:9:14919:11799
chr19,55386625,+,chrM,11260,+,0,61PKHAAXX_HWUSI-EAS627_0007:4:77:13435:10427
chr8,144791348,-,chrM,8486,+,0,61PKHAAXX_HWUSI-EAS627_0007:4:115:10233:12071
chrM,13275,+,chrM,10730,+,-1,61PKHAAXX_HWUSI-EAS627_0007:4:113:7072:13737
chrM,11057,-,chrM,13583,-,0,61PKHAAXX_HWUSI-EAS627_0007:4:67:10257:10942
chrM,14109,+,chrM,10753,+,-1,61PKHAAXX_HWUSI-EAS627_0007:4:65:5175:12809
chrM,8926,-,chr19,3979344,+,1,61PKHAAXX_HWUSI-EAS627_0007:4:10:5415:17505
chrM,9341,-,chrM,12705,-,-1,61PKHAAXX_HWUSI-EAS627_0007:4:90:18992:14429
chrM,1670,-,chrM,12960,-,-1,61PKHAAXX_HWUSI-EAS627_0007:4:10:7180:8466
chr6,31865785,+,chr6,31651655,+,2,61PKHAAXX_HWUSI-EAS627_0007:4:10:8588:6551
chrM,6522,+,chrM,5155,+,-1,61PKHAAXX_HWUSI-EAS627_0007:4:10:9548:15049
chrM,8932,-,chrM,13027,-,-1,61PKHAAXX_HWUSI-EAS627_0007:4:96:4100:7558
chrM,10868,-,chrM,14041,-,-1,61PKHAAXX_HWUSI-EAS627_0007:4:80:14416:13759
chrM,8685,+,chrM,8408,+,-1,61PKHAAXX_HWUSI-EAS627_0007:4:10:17251:4085
chr9,130854086,-,chr22,23290386,-,-1,61PKHAAXX_HWUSI-EAS627_0007:4:10:17486:17464
chr9,131199016,+,chr22,16808084,-,1,61PKHAAXX_HWUSI-EAS627_0007:4:102:9305:8551
chrM,8385,-,chrM,9190,-,1,61PKHAAXX_HWUSI-EAS627_0007:4:55:17983:14667
chrM,11232,-,chrM,13590,-,0,61PKHAAXX_HWUSI-EAS627_0007:4:89:14187:18052
chrM,12969,+,chrM,1688,+,0,61PKHAAXX_HWUSI-EAS627_0007:4:105:8318:1714
chrM,11233,-,chrM,13649,-,-1,61PKHAAXX_HWUSI-EAS627_0007:4:100:16910:16641
chrM,11228,-,KI270733.1,133933,+,0,61PKHAAXX_HWUSI-EAS627_0007:4:11:7043:7604
chr9,131199016,+,chr22,16808084,-,1,61PKHAAXX_HWUSI-EAS627_0007:4:100:14134:19611
chrM,8372,-,chrM,13951,-,0,61PKHAAXX_HWUSI-EAS627_0007:4:11:8720:15435
chrM,13518,+,chrM,9122,+,-1,61PKHAAXX_HWUSI-EAS627_0007:4:111:5059:14658
chr6,31651655,-,chr6,31865785,-,1,61PKHAAXX_HWUSI-EAS627_0007:4:83:4633:18016
chr22,16808084,+,chr9,131199016,-,2,61PKHAAXX_HWUSI-EAS627_0007:4:11:12465:11940
chrM,9571,-,chrM,13935,-,0,61PKHAAXX_HWUSI-EAS627_0007:4:11:13851:8833
chr9,131199016,+,chr22,16808042,-,-1,61PKHAAXX_HWUSI-EAS627_0007:4:110:13429:6724
chrM,14042,+,chrM,5330,+,-1,61PKHAAXX_HWUSI-EAS627_0007:4:110:8652:3695
chrM,2177,-,chrM,14047,-,-1,61PKHAAXX_HWUSI-EAS627_0007:4:118:17712:5543
chrM,13951,+,chrM,11161,+,-1,61PKHAAXX_HWUSI-EAS627_0007:4:93:10900:20660
chr16,46693092,-,chr16,46824385,+,2,61PKHAAXX_HWUSI-EAS627_0007:4:75:3349:5646
chrM,10738,-,chrM,14088,-,-1,61PKHAAXX_HWUSI-EAS627_0007:4:107:14474:7326
chr6,31651655,-,chr6,31865785,-,1,61PKHAAXX_HWUSI-EAS627_0007:4:12:12791:18052
chrM,7138,-,chrM,13980,-,-1,61PKHAAXX_HWUSI-EAS627_0007:4:12:13843:20355
chr6,31865785,+,chr6,31651655,+,2,61PKHAAXX_HWUSI-EAS627_0007:4:120:16566:6826
chrM,8658,+,chrM,8456,+,-1,61PKHAAXX_HWUSI-EAS627_0007:4:12:19588:17760
chrM,12950,+,chrM,1711,+,-1,61PKHAAXX_HWUSI-EAS627_0007:4:110:15825:10308
chrM,7139,-,chrM,14048,-,-1,61PKHAAXX_HWUSI-EAS627_0007:4:106:14022:17748
chrM,8656,+,chrM,2279,+,-1,61PKHAAXX_HWUSI-EAS627_0007:4:13:7631:20792
chrM,9574,-,chrM,13938,-,0,61PKHAAXX_HWUSI-EAS627_0007:4:13:9498:4952
chrM,1675,-,chrM,12957,-,0,61PKHAAXX_HWUSI-EAS627_0007:4:87:8607:17232
chrM,8614,-,chrM,12960,-,-1,61PKHAAXX_HWUSI-EAS627_0007:4:80:6156:2612
chrM,2238,-,chrM,15828,-,-1,61PKHAAXX_HWUSI-EAS627_0007:4:65:12957:13142
chrM,14027,+,chrM,10860,+,-1,61PKHAAXX_HWUSI-EAS627_0007:4:14:6763:18668
chrM,8655,+,chrM,8456,+,-1,61PKHAAXX_HWUSI-EAS627_0007:4:14:8964:2216
chr6,31865785,+,chr6,31651655,+,2,61PKHAAXX_HWUSI-EAS627_0007:4:14:9314:12140
chrM,9571,-,chrM,13935,-,0,61PKHAAXX_HWUSI-EAS627_0007:4:14:10070:7092
chrM,1687,-,chrM,12968,-,0,61PKHAAXX_HWUSI-EAS627_0007:4:14:10071:20798
chrM,1687,-,chr16,400410,-,0,61PKHAAXX_HWUSI-EAS627_0007:4:14:10515:13206
chr22,16808084,+,chr9,131199016,-,2,61PKHAAXX_HWUSI-EAS627_0007:4:106:16518:6600
chr6,31651665,-,chr6,31865758,-,-1,61PKHAAXX_HWUSI-EAS627_0007:4:116:2323:20341
chr22,23290414,+,chr9,130854063,+,1,61PKHAAXX_HWUSI-EAS627_0007:4:67:15728:17469
chr9,127445106,-,chr17,76167015,+,0,61PKHAAXX_HWUSI-EAS627_0007:4:15:3510:5776
chr12,49128035,+,chrM,2299,+,-1,61PKHAAXX_HWUSI-EAS627_0007:4:120:10769:3472
chr22,23290414,+,chr9,130854063,+,1,61PKHAAXX_HWUSI-EAS627_0007:4:99:9777:9424
chr6,31651655,-,chr6,31865785,-,1,61PKHAAXX_HWUSI-EAS627_0007:4:15:12168:18218
chrM,7132,+,chrM,1694,+,0,61PKHAAXX_HWUSI-EAS627_0007:4:15:12947:10678
chrM,5332,-,chrM,6497,-,-1,61PKHAAXX_HWUSI-EAS627_0007:4:84:12539:18887
chrM,13950,+,chrM,2248,+,-1,61PKHAAXX_HWUSI-EAS627_0007:4:118:15427:5800
chrM,8370,-,chrM,8854,-,-1,61PKHAAXX_HWUSI-EAS627_0007:4:103:18550:20671
chrM,5352,-,chrM,8650,-,-1,61PKHAAXX_HWUSI-EAS627_0007:4:102:1883:17471
chrM,5303,-,chrM,6823,-,-1,61PKHAAXX_HWUSI-EAS627_0007:4:17:3977:15712
chrM,8682,-,chrM,11062,-,-1,61PKHAAXX_HWUSI-EAS627_0007:4:80:18439:4631
chrM,8450,-,chrM,12539,-,-1,61PKHAAXX_HWUSI-EAS627_0007:4:17:12455:6550
chrM,2281,-,chrM,13608,-,-1,61PKHAAXX_HWUSI-EAS627_0007:4:118:2681:2522
chr22,23290383,+,chr9,130854060,+,-1,61PKHAAXX_HWUSI-EAS627_0007:4:17:19275:16842
chrX,115163774,+,chrX,113938205,+,-1,61PKHAAXX_HWUSI-EAS627_0007:4:69:9057:4970
chrM,1689,-,chrM,12518,-,-1,61PKHAAXX_HWUSI-EAS627_0007:4:60:14579:16901
chrM,12037,-,chrM,13224,-,-1,61PKHAAXX_HWUSI-EAS627_0007:4:18:6915:10083
chrM,13963,+,chrM,9596,+,0,61PKHAAXX_HWUSI-EAS627_0007:4:18:10994:17440
chr17,76167015,-,chr9,127445106,+,0,61PKHAAXX_HWUSI-EAS627_0007:4:89:16312:14587
chrM,9571,-,chrM,13935,-,0,61PKHAAXX_HWUSI-EAS627_0007:4:18:13397:13578
chrM,7812,-,chr7,128865591,-,0,61PKHAAXX_HWUSI-EAS627_0007:4:18:15550:4004
chrM,8366,-,chrM,8665,-,0,61PKHAAXX_HWUSI-EAS627_0007:4:74:17515:9344
chrM,9571,-,chrM,13935,-,0,61PKHAAXX_HWUSI-EAS627_0007:4:18:16290:11014
chr9,130854060,-,chr22,23290383,-,-1,61PKHAAXX_HWUSI-EAS627_0007:4:118:9052:13877
chrM,8471,-,chrM,13590,-,-1,61PKHAAXX_HWUSI-EAS627_0007:4:18:17064:14769
chr19,58549085,+,chr1,633978,+,0,61PKHAAXX_HWUSI-EAS627_0007:4:18:19374:16702
chrM,6844,+,chrM,5329,+,-1,61PKHAAXX_HWUSI-EAS627_0007:4:57:14407:8716
chr9,131199016,+,chr22,16808084,-,1,61PKHAAXX_HWUSI-EAS627_0007:4:19:1660:11166
chrM,9576,-,chrM,13499,-,-1,61PKHAAXX_HWUSI-EAS627_0007:4:19:1694:5977
chr22,23290414,+,chr9,130854063,+,1,61PKHAAXX_HWUSI-EAS627_0007:4:19:3736:16400
chrM,1681,-,chrM,12960,-,-1,61PKHAAXX_HWUSI-EAS627_0007:4:71:10496:15496
chrM,14059,+,chrM,5384,+,-1,61PKHAAXX_HWUSI-EAS627_0007:4:19:6727:10887
chrM,13884,+,chrM,6463,+,-1,61PKHAAXX_HWUSI-EAS627_0007:4:112:11397:14040
chr19,55386626,+,chrM,11260,+,0,61PKHAAXX_HWUSI-EAS627_0007:4:19:10372:19898
chr9,130854063,-,chr22,23290414,-,2,61PKHAAXX_HWUSI-EAS627_0007:4:19:12852:6031
chrM,1711,-,chrM,15689,-,-1,61PKHAAXX_HWUSI-EAS627_0007:4:69:11972:11637
chrM,13564,+,chrM,5336,+,-1,61PKHAAXX_HWUSI-EAS627_0007:4:19:13520:7782
chrM,8623,-,chrM,15663,-,0,61PKHAAXX_HWUSI-EAS627_0007:4:19:13703:13004
chrM,9571,-,chrM,13935,-,0,61PKHAAXX_HWUSI-EAS627_0007:4:20:3003:5109
chrM,14016,+,chrM,8504,+,-1,61PKHAAXX_HWUSI-EAS627_0007:4:20:3159:6702
chr9,131199016,+,chr22,16808087,-,1,61PKHAAXX_HWUSI-EAS627_0007:4:20:5192:17440
chrM,8927,-,chr19,48615878,+,0,61PKHAAXX_HWUSI-EAS627_0007:4:20:6374:14165
chrM,5362,-,chrM,14016,-,-1,61PKHAAXX_HWUSI-EAS627_0007:4:64:15852:12189
chrM,14133,+,chrM,2273,+,-1,61PKHAAXX_HWUSI-EAS627_0007:4:20:11212:14510
chrM,4909,+,chrM,2253,+,0,61PKHAAXX_HWUSI-EAS627_0007:4:76:15393:1378
chrM,8926,-,chr19,3979344,+,1,61PKHAAXX_HWUSI-EAS627_0007:4:20:14145:19711
chr9,130854063,-,chr22,23290414,-,2,61PKHAAXX_HWUSI-EAS627_0007:4:64:9282:10143
chrM,13937,+,chrM,11348,+,-1,61PKHAAXX_HWUSI-EAS627_0007:4:20:14675:8785
chrM,8372,-,chrM,13951,-,0,61PKHAAXX_HWUSI-EAS627_0007:4:20:15110:8570
chr1,36462136,-,chrM,9215,+,2,61PKHAAXX_HWUSI-EAS627_0007:4:112:3685:5969
chr16,46695561,-,chr16,46824385,+,2,61PKHAAXX_HWUSI-EAS627_0007:4:21:4308:17643
chrM,8385,-,chrM,9190,-,1,61PKHAAXX_HWUSI-EAS627_0007:4:61:13135:20235
chr21,10491348,+,chr13,18218998,+,1,61PKHAAXX_HWUSI-EAS627_0007:4:21:8159:3956
chr1,28508161,+,chr5,139600371,+,1,61PKHAAXX_HWUSI-EAS627_0007:4:21:8774:9996
chrM,9581,-,chrM,13987,-,-1,61PKHAAXX_HWUSI-EAS627_0007:4:111:2685:7198
chrM,15839,+,chrM,2275,+,-1,61PKHAAXX_HWUSI-EAS627_0007:4:21:11146:16128
chr9,131199007,+,chr22,16808030,-,-1,61PKHAAXX_HWUSI-EAS627_0007:4:21:13683:17694
chrM,11536,-,chrM,13518,-,-1,61PKHAAXX_HWUSI-EAS627_0007:4:21:16424:2502
chrM,8453,-,chrM,13537,-,-1,61PKHAAXX_HWUSI-EAS627_0007:4:22:4509:16413
chrM,6493,+,chrM,5345,+,-1,61PKHAAXX_HWUSI-EAS627_0007:4:22:5269:18662
chrM,13626,+,chrM,10981,+,-1,61PKHAAXX_HWUSI-EAS627_0007:4:87:10908:19926
chr6,31865785,+,chr6,31651655,+,2,61PKHAAXX_HWUSI-EAS627_0007:4:22:9296:1853
chrM,13954,+,chrM,9588,+,0,61PKHAAXX_HWUSI-EAS627_0007:4:22:12681:18371
chrM,5318,-,chrM,14019,-,-1,61PKHAAXX_HWUSI-EAS627_0007:4:22:13574:15627
chr8,144791348,-,chrM,8486,+,0,61PKHAAXX_HWUSI-EAS627_0007:4:75:9261:13869
chr9,131198966,+,chr22,16808087,-,-1,61PKHAAXX_HWUSI-EAS627_0007:4:83:8992:16102
chrM,11863,-,chrM,13568,-,-1,61PKHAAXX_HWUSI-EAS627_0007:4:104:17571:7556
chrM,7139,-,chrM,13975,-,-1,61PKHAAXX_HWUSI-EAS627_0007:4:22:19729:9437
chr9,131198969,+,chr22,16808086,-,-1,61PKHAAXX_HWUSI-EAS627_0007:4:23:3033:11675
chrM,8452,-,chrM,13501,-,-1,61PKHAAXX_HWUSI-EAS627_0007:4:100:14467:5158
chr6,31651655,-,chr6,31865785,-,1,61PKHAAXX_HWUSI-EAS627_0007:4:74:19623:20494
chrM,2285,-,chrM,13362,-,-1,61PKHAAXX_HWUSI-EAS627_0007:4:66:11008:5645
chrM,1676,-,chrM,15522,-,-1,61PKHAAXX_HWUSI-EAS627_0007:4:82:19294:10812
chrM,15521,+,chrM,2281,+,-1,61PKHAAXX_HWUSI-EAS627_0007:4:81:7322:19199
chrM,5366,-,chrM,8682,-,-1,61PKHAAXX_HWUSI-EAS627_0007:4:63:16868:2758
chrM,11306,+,chrM,8484,+,0,61PKHAAXX_HWUSI-EAS627_0007:4:24:5501:11669
chr6,31651655,-,chr6,31865785,-,1,61PKHAAXX_HWUSI-EAS627_0007:4:95:1749:6141
chr9,131199016,+,chr22,16808087,-,1,61PKHAAXX_HWUSI-EAS627_0007:4:101:17531:17552
chr9,130854060,-,chr22,23290368,-,-1,61PKHAAXX_HWUSI-EAS627_0007:4:107:14431:15359
chr6,31651655,-,chr6,31865785,-,1,61PKHAAXX_HWUSI-EAS627_0007:4:117:2499:16966
chrM,5297,-,chr3,47610107,+,0,61PKHAAXX_HWUSI-EAS627_0007:4:24:15021:7662
chrM,10903,+,chrM,8653,+,-1,61PKHAAXX_HWUSI-EAS627_0007:4:24:16505:1877
chrM,2292,-,chr12,49127984,-,-1,61PKHAAXX_HWUSI-EAS627_0007:4:82:18098:2328
chrM,13552,+,chrM,8453,+,-1,61PKHAAXX_HWUSI-EAS627_0007:4:105:2171:21163
chr9,130854063,-,chr22,23290414,-,2,61PKHAAXX_HWUSI-EAS627_0007:4:73:13428:3599
chrM,12735,+,chrM,8456,+,-1,61PKHAAXX_HWUSI-EAS627_0007:4:73:14767:6362
chrM,5286,-,chrM,14040,-,-1,61PKHAAXX_HWUSI-EAS627_0007:4:25:6889:2651
chrM,5290,-,chr12,6537199,-,0,61PKHAAXX_HWUSI-EAS627_0007:4:57:7134:18364
chrM,6395,-,chrM,9103,-,0,61PKHAAXX_HWUSI-EAS627_0007:4:25:10926:15440
chr9,131199016,+,chr22,16808084,-,1,61PKHAAXX_HWUSI-EAS627_0007:4:25:13431:9963
chrM,1681,-,chrM,6521,-,-1,61PKHAAXX_HWUSI-EAS627_0007:4:25:15938:18382
chrM,10699,-,chrM,12502,-,-1,61PKHAAXX_HWUSI-EAS627_0007:4:80:14818:15282
chrM,4912,+,chrM,2258,+,0,61PKHAAXX_HWUSI-EAS627_0007:4:56:13145:1777
chrM,1687,-,chr16,400410,-,0,61PKHAAXX_HWUSI-EAS627_0007:4:77:11747:5849
chrM,9571,-,chrM,13935,-,0,61PKHAAXX_HWUSI-EAS627_0007:4:63:4295:18715
chrM,9086,+,chrM,2253,+,0,61PKHAAXX_HWUSI-EAS627_0007:4:99:6113:19797
chrM,13584,+,chrM,11058,+,0,61PKHAAXX_HWUSI-EAS627_0007:4:79:13488:12652
chr6,31651712,-,chr6,31865788,-,-1,61PKHAAXX_HWUSI-EAS627_0007:4:26:4689:13108
chrM,8644,+,chrM,4501,+,-1,61PKHAAXX_HWUSI-EAS627_0007:4:101:15146:16398
chrM,8643,-,chrM,15687,-,-1,61PKHAAXX_HWUSI-EAS627_0007:4:26:8296:4079
chr6,31651682,-,chr6,31865766,-,-1,61PKHAAXX_HWUSI-EAS627_0007:4:80:18375:11047
chr22,16808087,+,chr9,131198929,-,-1,61PKHAAXX_HWUSI-EAS627_0007:4:119:11736:12125
chr6,31651655,-,chr6,31865785,-,1,61PKHAAXX_HWUSI-EAS627_0007:4:75:7941:2504
chrM,8368,-,chrM,8670,-,0,61PKHAAXX_HWUSI-EAS627_0007:4:111:15807:6631
chrM,9086,+,chrM,2253,+,0,61PKHAAXX_HWUSI-EAS627_0007:4:107:7068:19757
chrM,11046,-,chrM,12581,-,-1,61PKHAAXX_HWUSI-EAS627_0007:4:94:8719:17591
chrM,12017,-,chr4,24576494,+,0,61PKHAAXX_HWUSI-EAS627_0007:4:56:11721:14172
chrM,11230,-,chrM,13914,-,-1,61PKHAAXX_HWUSI-EAS627_0007:4:103:10226:9999
chrM,8471,-,chrM,13449,-,1,61PKHAAXX_HWUSI-EAS627_0007:4:101:5436:17829
chrM,5376,-,chrM,6551,-,-1,61PKHAAXX_HWUSI-EAS627_0007:4:71:15050:5658
chrM,12719,+,chrM,2281,+,-1,61PKHAAXX_HWUSI-EAS627_0007:4:27:13419:19493
chrM,12917,+,chrM,5334,+,-1,61PKHAAXX_HWUSI-EAS627_0007:4:27:15574:14729
chrM,1685,-,chr12,49128082,-,0,61PKHAAXX_HWUSI-EAS627_0007:4:27:19620:11761
chrM,5290,-,chr12,6537199,-,0,61PKHAAXX_HWUSI-EAS627_0007:4:28:5108:2622
chrM,5195,-,chrM,9142,-,-1,61PKHAAXX_HWUSI-EAS627_0007:4:82:9804:15392
chrM,2221,-,chrM,15697,-,-1,61PKHAAXX_HWUSI-EAS627_0007:4:75:13385:1754
chrM,14047,+,chrM,5385,+,-1,61PKHAAXX_HWUSI-EAS627_0007:4:28:7410:1299
chrM,14004,+,chrM,6340,+,2,61PKHAAXX_HWUSI-EAS627_0007:4:28:9144:1786
chr22,16808087,+,chr9,131198976,-,-1,61PKHAAXX_HWUSI-EAS627_0007:4:118:5285:6895
chrM,8456,-,chrM,13710,-,-1,61PKHAAXX_HWUSI-EAS627_0007:4:105:18049:7282
chrM,5317,-,chrM,6515,-,0,61PKHAAXX_HWUSI-EAS627_0007:4:28:10217:1181
chrM,15663,+,chrM,8643,+,-1,61PKHAAXX_HWUSI-EAS627_0007:4:28:12632:19115
chrM,1994,-,chrM,12628,-,-1,61PKHAAXX_HWUSI-EAS627_0007:4:80:18110:16995
chrM,8927,-,chrM,13940,-,0,61PKHAAXX_HWUSI-EAS627_0007:4:28:17640:7561
chrM,10738,-,chrM,14054,-,-1,61PKHAAXX_HWUSI-EAS627_0007:4:93:16401:7629
chr22,16808084,+,chr9,131199016,-,2,61PKHAAXX_HWUSI-EAS627_0007:4:70:6310:17370
chr6,31865785,+,chr6,31651655,+,2,61PKHAAXX_HWUSI-EAS627_0007:4:29:5507:15151
chr22,23290414,+,chr9,130854063,+,1,61PKHAAXX_HWUSI-EAS627_0007:4:29:8443:10873
chrM,7812,-,chr7,128865591,-,0,61PKHAAXX_HWUSI-EAS627_0007:4:61:2264:7317
chr22,23290386,+,chr9,130854060,+,-1,61PKHAAXX_HWUSI-EAS627_0007:4:119:4609:9916
chr6,31865788,+,chr6,31651694,+,-1,61PKHAAXX_HWUSI-EAS627_0007:4:86:14069:998
chrM,13944,+,chrM,9578,+,0,61PKHAAXX_HWUSI-EAS627_0007:4:83:1530:6716
chrM,8620,-,chrM,12921,-,-1,61PKHAAXX_HWUSI-EAS627_0007:4:30:1609:12646
chrM,8365,-,chrM,8762,-,0,61PKHAAXX_HWUSI-EAS627_0007:4:30:2394:3280
chr22,23290414,+,chr9,130854063,+,1,61PKHAAXX_HWUSI-EAS627_0007:4:30:3691:9165
chrM,13819,+,chrM,11985,+,-1,61PKHAAXX_HWUSI-EAS627_0007:4:67:6709:6960
chrM,11050,+,chrM,8660,+,-1,61PKHAAXX_HWUSI-EAS627_0007:4:105:4393:12147
chr7,111769678,+,chr7,111487276,+,-1,61PKHAAXX_HWUSI-EAS627_0007:4:30:10581:15438
chr9,130854074,-,chr22,23290367,-,-1,61PKHAAXX_HWUSI-EAS627_0007:4:31:2864:19282
chr9,130854063,-,chr22,23290386,-,-1,61PKHAAXX_HWUSI-EAS627_0007:4:71:16527:18235
chrM,8927,-,chrM,13940,-,0,61PKHAAXX_HWUSI-EAS627_0007:4:106:16761:3643
chr6,31865759,+,chr6,31651646,+,-1,61PKHAAXX_HWUSI-EAS627_0007:4:103:10891:18744
chrM,13944,+,chrM,9578,+,0,61PKHAAXX_HWUSI-EAS627_0007:4:81:17279:20330
chrM,1685,-,chrM,15321,-,0,61PKHAAXX_HWUSI-EAS627_0007:4:31:7450:5813
chrM,2412,-,chrM,14023,-,-1,61PKHAAXX_HWUSI-EAS627_0007:4:69:14938:4872
chr9,130854063,-,chr22,23290414,-,2,61PKHAAXX_HWUSI-EAS627_0007:4:31:10310:21012
chrM,13832,+,chrM,9093,+,-1,61PKHAAXX_HWUSI-EAS627_0007:4:74:17990:20834
chrM,13963,+,chrM,9596,+,0,61PKHAAXX_HWUSI-EAS627_0007:4:79:13304:16350
chr22,16808084,+,chr9,131199016,-,2,61PKHAAXX_HWUSI-EAS627_0007:4:81:5789:11128
chrM,1726,-,chr12,49127999,-,-1,61PKHAAXX_HWUSI-EAS627_0007:4:32:3276:14597
chrM,12966,+,chrM,1684,+,0,61PKHAAXX_HWUSI-EAS627_0007:4:108:12264:9875
chr9,130854063,-,chr22,23290414,-,2,61PKHAAXX_HWUSI-EAS627_0007:4:108:17870:20649
chrM,8926,-,chr19,3979344,+,1,61PKHAAXX_HWUSI-EAS627_0007:4:86:16855:17263
chrM,8699,-,chrM,14029,-,-1,61PKHAAXX_HWUSI-EAS627_0007:4:86:17229:3132
chrM,8452,-,chrM,8664,-,-1,61PKHAAXX_HWUSI-EAS627_0007:4:104:15829:6574
chrM,1685,-,chr12,49128082,-,0,61PKHAAXX_HWUSI-EAS627_0007:4:32:13737:16311
chrM,11967,+,chrM,8686,+,-1,61PKHAAXX_HWUSI-EAS627_0007:4:94:7184:1461
chrM,2327,-,chrM,13537,-,-1,61PKHAAXX_HWUSI-EAS627_0007:4:32:15144:1849
chr6,31651655,-,chr6,31865785,-,1,61PKHAAXX_HWUSI-EAS627_0007:4:32:17118:1896
chrM,6518,+,chrM,5320,+,0,61PKHAAXX_HWUSI-EAS627_0007:4:32:17840:13415
chrM,11229,-,KI270733.1,133931,+,0,61PKHAAXX_HWUSI-EAS627_0007:4:73:11745:19684
chr1,28508161,+,chr5,139600371,+,1,61PKHAAXX_HWUSI-EAS627_0007:4:33:7194:9593
chrM,1817,-,chrM,6855,-,-1,61PKHAAXX_HWUSI-EAS627_0007:4:33:7596:1314
chr19,3979376,-,chrM,8935,+,-1,61PKHAAXX_HWUSI-EAS627_0007:4:33:9648:20926
chr6,31865755,+,chr6,31651655,+,-1,61PKHAAXX_HWUSI-EAS627_0007:4:99:5985:2781
chr22,23290414,+,chr9,130854063,+,1,61PKHAAXX_HWUSI-EAS627_0007:4:33:10379:16673
chrM,13449,+,chrM,8471,+,2,61PKHAAXX_HWUSI-EAS627_0007:4:79:18776:17761
chrM,13176,+,chrM,8456,+,-1,61PKHAAXX_HWUSI-EAS627_0007:4:33:13595:19041
chr9,130854063,-,chr22,23290414,-,2,61PKHAAXX_HWUSI-EAS627_0007:4:95:4480:3235
chr22,23290393,+,chr9,130854084,+,-1,61PKHAAXX_HWUSI-EAS627_0007:4:68:17110:19740
chr12,49128143,+,chrM,3072,+,-1,61PKHAAXX_HWUSI-EAS627_0007:4:33:17469:3860
chrM,1684,-,chrM,14020,-,-1,61PKHAAXX_HWUSI-EAS627_0007:4:76:14183:5967
chr7,111769678,+,chr7,111487237,+,2,61PKHAAXX_HWUSI-EAS627_0007:4:33:17896:17981
chr22,23290414,+,chr9,130854063,+,1,61PKHAAXX_HWUSI-EAS627_0007:4:61:11887:11539
chr22,16808087,+,chr9,131198973,-,-1,61PKHAAXX_HWUSI-EAS627_0007:4:91:1909:5309
chrM,5297,-,chr3,47610107,+,0,61PKHAAXX_HWUSI-EAS627_0007:4:88:17616:14887
chrM,10710,-,chrM,12562,-,-1,61PKHAAXX_HWUSI-EAS627_0007:4:75:14132:11045
chrM,8927,-,chrM,13940,-,0,61PKHAAXX_HWUSI-EAS627_0007:4:73:9758:5009
chr6,31651655,-,chr6,31865785,-,1,61PKHAAXX_HWUSI-EAS627_0007:4:34:4274:1484
chrM,11880,-,chrM,12957,-,-1,61PKHAAXX_HWUSI-EAS627_0007:4:115:11917:16316
chr22,16808084,+,chr9,131199016,-,2,61PKHAAXX_HWUSI-EAS627_0007:4:34:6960:13498
chr9,130854063,-,chr22,23290414,-,2,61PKHAAXX_HWUSI-EAS627_0007:4:79:9981:4729
chrM,2245,-,chrM,6830,-,-1,61PKHAAXX_HWUSI-EAS627_0007:4:58:14612:8807
chrM,6517,-,chrM,13514,-,-1,61PKHAAXX_HWUSI-EAS627_0007:4:34:7599:7582
chrM,13944,+,chrM,9578,+,0,61PKHAAXX_HWUSI-EAS627_0007:4:34:13387:1193
chrM,5336,-,chrM,7218,-,-1,61PKHAAXX_HWUSI-EAS627_0007:4:34:13469:7695
chr9,131199016,+,chr22,16808084,-,1,61PKHAAXX_HWUSI-EAS627_0007:4:34:15396:14328
chr19,58549085,+,chr1,633978,+,0,61PKHAAXX_HWUSI-EAS627_0007:4:34:17585:13578
chr22,23290386,+,chr9,130854089,+,-1,61PKHAAXX_HWUSI-EAS627_0007:4:34:19776:14761
chrM,1675,-,chrM,12957,-,0,61PKHAAXX_HWUSI-EAS627_0007:4:84:11085:15289
chr19,55386626,+,chrM,11262,+,0,61PKHAAXX_HWUSI-EAS627_0007:4:74:1413:11319
chrM,2293,-,chrM,12838,-,-1,61PKHAAXX_HWUSI-EAS627_0007:4:87:12222:6039
chrM,11972,+,chrM,8861,+,-1,61PKHAAXX_HWUSI-EAS627_0007:4:112:2119:5955
chr6,31651655,-,chr6,31865785,-,1,61PKHAAXX_HWUSI-EAS627_0007:4:35:9177:11520
chrM,9151,+,chrM,5291,+,-1,61PKHAAXX_HWUSI-EAS627_0007:4:61:9676:3235
chrM,15876,+,chrM,8461,+,-1,61PKHAAXX_HWUSI-EAS627_0007:4:35:15358:3536
chr6,31865785,+,chr6,31651655,+,2,61PKHAAXX_HWUSI-EAS627_0007:4:64:13929:10063
chrM,12009,-,chrM,14089,-,-1,61PKHAAXX_HWUSI-EAS627_0007:4:91:11862:12256
chrM,5349,-,chrM,13925,-,0,61PKHAAXX_HWUSI-EAS627_0007:4:36:10380:10973
chrM,13600,+,chrM,11962,+,-1,61PKHAAXX_HWUSI-EAS627_0007:4:56:5203:3984
chrM,9198,+,chrM,5076,+,-1,61PKHAAXX_HWUSI-EAS627_0007:4:76:6101:2345
chr9,130854065,-,chr22,23290379,-,-1,61PKHAAXX_HWUSI-EAS627_0007:4:75:5546:13316
chrM,8927,-,chrM,13940,-,0,61PKHAAXX_HWUSI-EAS627_0007:4:37:1985:11087
chrM,1684,-,chr19,48615878,+,0,61PKHAAXX_HWUSI-EAS627_0007:4:37:6954:12468
chrM,8370,-,chrM,8724,-,-1,61PKHAAXX_HWUSI-EAS627_0007:4:69:17836:14989
chrM,13944,+,chrM,9578,+,0,61PKHAAXX_HWUSI-EAS627_0007:4:37:14721:10373
chrM,6571,+,chrM,5395,+,-1,61PKHAAXX_HWUSI-EAS627_0007:4:37:16164:8062
chrM,11332,-,chrM,12528,-,-1,61PKHAAXX_HWUSI-EAS627_0007:4:37:18837:12592
chrM,8939,-,chrM,13971,-,-1,61PKHAAXX_HWUSI-EAS627_0007:4:97:5810:3755
chrM,4907,-,chrM,14142,-,-1,61PKHAAXX_HWUSI-EAS627_0007:4:38:1754:8186
chrM,8503,-,chrM,10923,-,-1,61PKHAAXX_HWUSI-EAS627_0007:4:38:1775:4955
chrM,12576,+,chrM,12013,+,-1,61PKHAAXX_HWUSI-EAS627_0007:4:75:4116:10991
chrM,8372,-,chrM,13951,-,0,61PKHAAXX_HWUSI-EAS627_0007:4:72:6337:10515
chrM,13916,+,chrM,9564,+,-1,61PKHAAXX_HWUSI-EAS627_0007:4:38:9685:14343
chrM,6518,+,chrM,5320,+,0,61PKHAAXX_HWUSI-EAS627_0007:4:56:17747:14583
chr9,130854063,-,chr22,23290376,-,-1,61PKHAAXX_HWUSI-EAS627_0007:4:38:14303:4292
chrM,6485,+,chrM,5292,+,-1,61PKHAAXX_HWUSI-EAS627_0007:4:38:14535:19605
chrM,5073,-,chrM,13785,-,-1,61PKHAAXX_HWUSI-EAS627_0007:4:38:17451:2796
chrM,8385,-,chrM,9190,-,1,61PKHAAXX_HWUSI-EAS627_0007:4:38:18798:17611
chrM,14001,+,chrM,8986,+,-1,61PKHAAXX_HWUSI-EAS627_0007:4:38:19279:11292
chrM,6395,-,chrM,9103,-,0,61PKHAAXX_HWUSI-EAS627_0007:4:38:19639:18903
chrM,10998,-,chrM,13028,-,-1,61PKHAAXX_HWUSI-EAS627_0007:4:39:2673:8175
chrM,15597,+,chrM,8604,+,-1,61PKHAAXX_HWUSI-EAS627_0007:4:39:4189:14519
chr6,31865785,+,chr6,31651655,+,2,61PKHAAXX_HWUSI-EAS627_0007:4:99:7116:19901
chrM,11301,+,chrM,8479,+,0,61PKHAAXX_HWUSI-EAS627_0007:4:39:9455:4923
chr1,634742,-,chr20,62139803,+,0,61PKHAAXX_HWUSI-EAS627_0007:4:102:13339:13982
chr6,31651655,-,chr6,31865785,-,1,61PKHAAXX_HWUSI-EAS627_0007:4:39:14115:8495
chr9,130854063,-,chr22,23290414,-,2,61PKHAAXX_HWUSI-EAS627_0007:4:39:17667:8635
chrX,113938192,-,chrX,115163751,-,-1,61PKHAAXX_HWUSI-EAS627_0007:4:39:18047:4072
chrM,12532,+,chrM,6351,+,-1,61PKHAAXX_HWUSI-EAS627_0007:4:101:4764:16379
chr9,130854085,-,chr22,23290407,-,-1,61PKHAAXX_HWUSI-EAS627_0007:4:74:18042:6876
chrM,8592,-,chrM,15475,-,-1,61PKHAAXX_HWUSI-EAS627_0007:4:92:5965:15006
chrM,5329,-,chrM,13989,-,-1,61PKHAAXX_HWUSI-EAS627_0007:4:87:14257:8567
chrM,9574,-,chr20,62139802,+,0,61PKHAAXX_HWUSI-EAS627_0007:4:94:9894:13370
chrM,8927,-,chrM,13940,-,0,61PKHAAXX_HWUSI-EAS627_0007:4:40:14348:3006
chrM,12952,+,chrM,1670,+,0,61PKHAAXX_HWUSI-EAS627_0007:4:40:18125:8067
chr16,46693092,-,chr16,46824385,+,2,61PKHAAXX_HWUSI-EAS627_0007:4:41:3296:18575
chr8,144791294,-,chrM,8449,+,-1,61PKHAAXX_HWUSI-EAS627_0007:4:91:8235:8347
chrM,5335,-,chrM,14048,-,-1,61PKHAAXX_HWUSI-EAS627_0007:4:41:6179:7541
chrM,11228,-,chrM,13590,-,0,61PKHAAXX_HWUSI-EAS627_0007:4:41:6922:4400
chrM,5349,-,chrM,13925,-,0,61PKHAAXX_HWUSI-EAS627_0007:4:41:7610:13600
chrM,8450,-,chrM,14106,-,-1,61PKHAAXX_HWUSI-EAS627_0007:4:68:13992:1461
chrM,10762,-,chrM,13800,-,-1,61PKHAAXX_HWUSI-EAS627_0007:4:41:13123:8790
chrM,9423,-,chrM,14056,-,-1,61PKHAAXX_HWUSI-EAS627_0007:4:83:13740:15596
chr6,31651655,-,chr6,31865785,-,1,61PKHAAXX_HWUSI-EAS627_0007:4:41:14678:17229
chr16,46824385,-,chr16,46695561,+,1,61PKHAAXX_HWUSI-EAS627_0007:4:83:15520:11503
chrM,14138,+,chrM,11536,+,-1,61PKHAAXX_HWUSI-EAS627_0007:4:41:18893:3224
chr22,23290388,+,chr9,130854080,+,-1,61PKHAAXX_HWUSI-EAS627_0007:4:107:14253:5350
chr22,16808084,+,chr9,131199016,-,2,61PKHAAXX_HWUSI-EAS627_0007:4:59:7295:17708
chrM,5348,-,chrM,8644,-,-1,61PKHAAXX_HWUSI-EAS627_0007:4:102:4546:17430
chr7,111487237,-,chr7,111769678,-,1,61PKHAAXX_HWUSI-EAS627_0007:4:85:3197:15141
chrM,5240,-,chrM,8995,-,-1,61PKHAAXX_HWUSI-EAS627_0007:4:42:16347:19153
chrM,5291,-,chrM,14030,-,-1,61PKHAAXX_HWUSI-EAS627_0007:4:42:17199:11622
chrM,7109,-,chrM,14019,-,-1,61PKHAAXX_HWUSI-EAS627_0007:4:110:10326:16344
chrM,2216,-,chr12,49127985,-,-1,61PKHAAXX_HWUSI-EAS627_0007:4:43:4585:5918
chrM,12026,-,chr4,24576491,+,-1,61PKHAAXX_HWUSI-EAS627_0007:4:43:5349:11608
chrM,2297,-,chrM,13605,-,-1,61PKHAAXX_HWUSI-EAS627_0007:4:92:15814:5551
chrM,1685,-,chrM,15321,-,0,61PKHAAXX_HWUSI-EAS627_0007:4:114:5993:2115
chrM,2259,-,chr22,36511751,+,0,61PKHAAXX_HWUSI-EAS627_0007:4:73:11848:12682
chrM,12932,+,chrM,8604,+,-1,61PKHAAXX_HWUSI-EAS627_0007:4:89:5111:4265
chrM,14004,+,chrM,6340,+,2,61PKHAAXX_HWUSI-EAS627_0007:4:43:13091:12895
chrM,11232,-,chrM,13590,-,0,61PKHAAXX_HWUSI-EAS627_0007:4:43:14993:5121
chrM,14063,+,chrM,5397,+,-1,61PKHAAXX_HWUSI-EAS627_0007:4:43:17585:20469
chr6,31865785,+,chr6,31651655,+,2,61PKHAAXX_HWUSI-EAS627_0007:4:43:18260:4509
chrM,14015,+,chrM,7140,+,-1,61PKHAAXX_HWUSI-EAS627_0007:4:61:14120:17530
chrM,1716,-,chrM,15315,-,-1,61PKHAAXX_HWUSI-EAS627_0007:4:79:6491:4982
chrX,113938192,-,chrX,115163784,-,1,61PKHAAXX_HWUSI-EAS627_0007:4:118:15807:20534
chrM,8623,-,chrM,15663,-,0,61PKHAAXX_HWUSI-EAS627_0007:4:44:8240:20910
chr22,23290414,+,chr9,130854063,+,1,61PKHAAXX_HWUSI-EAS627_0007:4:44:12028:15118
chrM,8947,+,chrM,5329,+,-1,61PKHAAXX_HWUSI-EAS627_0007:4:98:13979:9150
chrM,12024,-,chr4,24576491,+,-1,61PKHAAXX_HWUSI-EAS627_0007:4:107:11853:2390
chr6,31651655,-,chr6,31865785,-,1,61PKHAAXX_HWUSI-EAS627_0007:4:87:11641:13970
chrM,1682,-,chr16,400406,-,-1,61PKHAAXX_HWUSI-EAS627_0007:4:62:8648:10121
chrM,13613,+,chrM,11311,+,-1,61PKHAAXX_HWUSI-EAS627_0007:4:45:2483:16840
chr8,144791348,-,chrM,8486,+,0,61PKHAAXX_HWUSI-EAS627_0007:4:45:2560:2605
chrM,1673,-,chrM,13959,-,-1,61PKHAAXX_HWUSI-EAS627_0007:4:112:13565:4707
chr1,36462136,-,chrM,9215,+,2,61PKHAAXX_HWUSI-EAS627_0007:4:111:7869:10045
chrM,13963,+,chrM,9596,+,0,61PKHAAXX_HWUSI-EAS627_0007:4:45:7775:8867
chrM,5349,-,chrM,13925,-,0,61PKHAAXX_HWUSI-EAS627_0007:4:45:9246:13792
chrM,8687,+,chrM,8424,+,-1,61PKHAAXX_HWUSI-EAS627_0007:4:45:9471:17144
chr9,130854072,-,chr22,23290393,-,-1,61PKHAAXX_HWUSI-EAS627_0007:4:102:14766:3419
chr19,58549085,+,chr1,633978,+,0,61PKHAAXX_HWUSI-EAS627_0007:4:45:13800:18928
chrM,11963,-,chrM,13565,-,-1,61PKHAAXX_HWUSI-EAS627_0007:4:46:2665:3280
chr9,130854063,-,chr22,23290414,-,2,61PKHAAXX_HWUSI-EAS627_0007:4:46:3460:6249
chrM,8708,+,chrM,8450,+,-1,61PKHAAXX_HWUSI-EAS627_0007:4:46:4206:16739
chrM,9576,-,chrM,13942,-,0,61PKHAAXX_HWUSI-EAS627_0007:4:46:6783:20616
chrM,1682,-,chrM,12555,-,-1,61PKHAAXX_HWUSI-EAS627_0007:4:46:10883:11557
chrM,12969,+,chrM,1688,+,0,61PKHAAXX_HWUSI-EAS627_0007:4:46:12923:7013
chr19,55386626,+,chrM,11262,+,0,61PKHAAXX_HWUSI-EAS627_0007:4:46:16045:16256
chrM,2288,-,chrM,13363,-,-1,61PKHAAXX_HWUSI-EAS627_0007:4:106:6234:13230
chrM,2259,-,chr22,36511751,+,0,61PKHAAXX_HWUSI-EAS627_0007:4:74:18564:6883
chrM,8927,-,chr19,48615878,+,0,61PKHAAXX_HWUSI-EAS627_0007:4:120:16063:19060
chrM,6338,-,chrM,14029,-,-1,61PKHAAXX_HWUSI-EAS627_0007:4:78:5700:9097
chrM,8423,-,chrM,13510,-,-1,61PKHAAXX_HWUSI-EAS627_0007:4:78:11212:11387
chr9,130854063,-,chr22,23290414,-,2,61PKHAAXX_HWUSI-EAS627_0007:4:47:2450:16750
chrM,1716,-,chrM,8644,-,-1,61PKHAAXX_HWUSI-EAS627_0007:4:69:5833:9332
chrM,8456,-,chrM,8655,-,-1,61PKHAAXX_HWUSI-EAS627_0007:4:47:7131:19013
chr9,131199016,+,chr22,16808059,-,-1,61PKHAAXX_HWUSI-EAS627_0007:4:108:7297:3125
chrM,14075,+,chrM,8502,+,-1,61PKHAAXX_HWUSI-EAS627_0007:4:47:14946:2622
chrM,8365,-,chrM,8762,-,0,61PKHAAXX_HWUSI-EAS627_0007:4:90:18640:964
chrM,10842,-,chrM,13250,-,-1,61PKHAAXX_HWUSI-EAS627_0007:4:63:2733:14146
chrM,13870,+,chrM,8491,+,0,61PKHAAXX_HWUSI-EAS627_0007:4:55:15992:6313
chrM,2401,-,chrM,14065,-,-1,61PKHAAXX_HWUSI-EAS627_0007:4:48:8844:9284
chrM,9571,-,chrM,13935,-,0,61PKHAAXX_HWUSI-EAS627_0007:4:48:14134:2294
chrM,11984,+,chrM,8517,+,-1,61PKHAAXX_HWUSI-EAS627_0007:4:95:2875:2850
chrM,8365,-,chrM,8762,-,0,61PKHAAXX_HWUSI-EAS627_0007:4:48:16576:3673
chrM,5271,-,chrM,8581,-,-1,61PKHAAXX_HWUSI-EAS627_0007:4:101:12014:18732
chrM,12430,+,chrM,2247,+,-1,61PKHAAXX_HWUSI-EAS627_0007:4:120:15338:21249
chrM,2295,-,chr12,49128002,-,-1,61PKHAAXX_HWUSI-EAS627_0007:4:63:2599:8895
chrM,7141,-,chrM,13988,-,-1,61PKHAAXX_HWUSI-EAS627_0007:4:49:6289:20963
chrM,14120,+,chrM,8449,+,-1,61PKHAAXX_HWUSI-EAS627_0007:4:49:7692:11330
chrM,2259,-,chr22,36511751,+,0,61PKHAAXX_HWUSI-EAS627_0007:4:81:15534:12298
chr6,31865783,+,chr6,31651692,+,-1,61PKHAAXX_HWUSI-EAS627_0007:4:94:9735:9669
chrM,14053,+,chrM,5330,+,-1,61PKHAAXX_HWUSI-EAS627_0007:4:76:4193:9031
chrM,10748,-,chrM,13888,-,-1,61PKHAAXX_HWUSI-EAS627_0007:4:49:17333:12138
chrM,13978,+,chrM,7130,+,-1,61PKHAAXX_HWUSI-EAS627_0007:4:79:7004:9878
chrM,8623,-,chrM,15663,-,0,61PKHAAXX_HWUSI-EAS627_0007:4:77:6214:18892
chr5,139600371,-,chr1,28508161,-,2,61PKHAAXX_HWUSI-EAS627_0007:4:64:6188:16959
chrM,9424,-,chrM,14040,-,-1,61PKHAAXX_HWUSI-EAS627_0007:4:50:12523:11255
chrM,8677,+,chrM,8412,+,-1,61PKHAAXX_HWUSI-EAS627_0007:4:72:14786:14723
chrM,9573,-,chr20,62139803,+,0,61PKHAAXX_HWUSI-EAS627_0007:4:118:18467:8303
chrM,12943,+,chrM,8374,+,-1,61PKHAAXX_HWUSI-EAS627_0007:4:51:2982:1789
chrM,9572,-,chrM,13039,-,-1,61PKHAAXX_HWUSI-EAS627_0007:4:51:5481:5513
chr9,131199004,+,chr22,16808069,-,-1,61PKHAAXX_HWUSI-EAS627_0007:4:99:17796:14284
chr22,23290414,+,chr9,130854063,+,1,61PKHAAXX_HWUSI-EAS627_0007:4:85:12258:19800
chrM,5297,-,chr3,47610107,+,0,61PKHAAXX_HWUSI-EAS627_0007:4:85:18784:16128
chrM,6946,+,chrM,2624,+,-1,61PKHAAXX_HWUSI-EAS627_0007:4:52:8062:6591
chrM,14010,+,chrM,10986,+,-1,61PKHAAXX_HWUSI-EAS627_0007:4:52:8626:11918
chr19,58549091,+,chr1,633979,+,-1,61PKHAAXX_HWUSI-EAS627_0007:4:53:3432:16627
chrM,8409,-,chrM,14120,-,-1,61PKHAAXX_HWUSI-EAS627_0007:4:53:7537:20389
chrM,12944,+,chrM,5324,+,-1,61PKHAAXX_HWUSI-EAS627_0007:4:53:8311:11611
chr6,31865785,+,chr6,31651655,+,2,61PKHAAXX_HWUSI-EAS627_0007:4:64:7750:15757
chr6,31865741,+,chr6,31651668,+,-1,61PKHAAXX_HWUSI-EAS627_0007:4:53:13700:19493
chr19,3976236,-,chrM,8460,+,-1,61PKHAAXX_HWUSI-EAS627_0007:4:53:13863:6445
chrM,6542,-,chr17,41689047,-,0,61PKHAAXX_HWUSI-EAS627_0007:4:70:13238:17617
chr9,130854077,-,chr22,23290393,-,-1,61PKHAAXX_HWUSI-EAS627_0007:4:54:2989:9369
chr6,31865785,+,chr6,31651655,+,2,61PKHAAXX_HWUSI-EAS627_0007:4:105:7786:15316
chrM,5403,-,chrM,13936,-,-1,61PKHAAXX_HWUSI-EAS627_0007:4:54:4509:16905
chrM,5302,-,chrM,8678,-,-1,61PKHAAXX_HWUSI-EAS627_0007:4:108:9614:16110
chrM,1680,-,chrM,13974,-,-1,61PKHAAXX_HWUSI-EAS627_0007:4:62:9490:16458
chrM,8723,+,chrM,8371,+,-1,61PKHAAXX_HWUSI-EAS627_0007:4:54:6735:5794
chrM,8461,-,chrM,14016,-,-1,61PKHAAXX_HWUSI-EAS627_0007:4:54:7525:12663
chrM,6476,-,chrM,14142,-,-1,61PKHAAXX_HWUSI-EAS627_0007:4:54:8697:20248
chr6,31865785,+,chr6,31651655,+,2,61PKHAAXX_HWUSI-EAS627_0007:4:99:6643:12003
chr12,49128084,+,chrM,1687,+,0,61PKHAAXX_HWUSI-EAS627_0007:4:68:18791:21169
chrM,5290,-,chr12,6537199,-,0,61PKHAAXX_HWUSI-EAS627_0007:4:88:16145:9650
chr9,130854063,-,chr22,23290414,-,2,61PKHAAXX_HWUSI-EAS627_0007:4:54:15966:18425
chr9,127445106,-,chr17,76167015,+,0,61PKHAAXX_HWUSI-EAS627_0007:4:54:18088:15097
chrM,10975,-,chrM,13989,-,-1,61PKHAAXX_HWUSI-EAS627_0007:4:92:17182:5907
chrM,13031,+,chrM,11984,+,-1,61PKHAAXX_HWUSI-EAS627_0007:4:56:12393:10402
chrM,13954,+,chrM,9588,+,0,61PKHAAXX_HWUSI-EAS627_0007:4:55:4690:20782
chrM,13974,+,chrM,10979,+,-1,61PKHAAXX_HWUSI-EAS627_0007:4:55:4768:6639
chr9,130854077,-,chr22,23290389,-,-1,61PKHAAXX_HWUSI-EAS627_0007:4:88:19596:13738
