term	response	celltype	estimate	statistic	p.value
rs6678176	cg19251656	CD4T	-0.166278137826166	-1.13813289262424	0.260958182736151
rs6678176	cg19251656	CD8T	0.240736783087458	1.07724228472043	0.286989143048412
rs6678176	cg19251656	NK	0.225284047791659	0.902554861651987	0.371464187835362
rs6678176	cg01433766	CD4T	0.0144778132367827	0.73451126033048	0.466365158259924
rs6678176	cg01433766	CD8T	0.0122048693130656	0.437966785409293	0.66346013447933
rs6678176	cg01433766	NK	-0.0664533224446886	-1.9530227070354	0.0569161144834625
kgp7451999	cg19251656	CD4T	-0.220704182333782	-1.02335177597842	0.311493359507692
kgp7451999	cg19251656	CD8T	0.409381811723809	1.2707275927778	0.210214682457353
kgp7451999	cg19251656	NK	0.0631889374936377	0.157616750952767	0.875448651392443
kgp7451999	cg01433766	CD4T	0.0242045908552433	0.830150827332831	0.410741306095838
kgp7451999	cg01433766	CD8T	0.0553852356548527	1.39133086664216	0.170817864973123
kgp7451999	cg01433766	NK	-0.172670874181715	-3.39331562600476	0.00142956020519974
kgp11573536	cg19251656	CD4T	-0.00704358389590751	-0.0370570633344157	0.970599859684472
kgp11573536	cg19251656	CD8T	0.0203846757274229	0.0640441025213859	0.949212615587318
kgp11573536	cg19251656	NK	-0.325149455053849	-0.94090497501858	0.351668647421838
kgp11573536	cg01433766	CD4T	-0.0327197659283845	-1.33457425818516	0.188584372956576
kgp11573536	cg01433766	CD8T	0.0463751601671124	1.2239914124763	0.227187776457088
kgp11573536	cg01433766	NK	0.0949885177666718	2.04103369877266	0.047009189436915
kgp11573536	cg13089765	CD4T	-0.0307555265824154	-0.289001036851867	0.773879057728448
kgp11573536	cg13089765	CD8T	0.109063122871975	0.657365386459233	0.514221978360919
kgp11573536	cg13089765	NK	0.00209618186516926	0.0105848760457919	0.991600422493992
kgp11301880	cg19251656	CD4T	-0.297708882801153	-1.38416560589133	0.172986727572213
kgp11301880	cg19251656	CD8T	0.338287597189432	0.870855597840879	0.388355259748723
kgp11301880	cg19251656	NK	0.467408440970025	1.07298568281077	0.288874361486737
kgp11301880	cg01433766	CD4T	-0.0156255542471979	-0.531038492000642	0.597946981935512
kgp11301880	cg01433766	CD8T	0.0471346076938305	0.98152849369361	0.331466574436011
kgp11301880	cg01433766	NK	0.0198155286577025	0.318795998987685	0.751324303017696
kgp11301880	cg13089765	CD4T	-0.0424429185739117	-0.344164434787881	0.732291025436356
kgp11301880	cg13089765	CD8T	0.000180695756744219	0.000874976382075418	0.99930565354108
kgp11301880	cg13089765	NK	0.193306566467148	0.775118233241744	0.442236299784208
kgp3991027	cg01433766	CD4T	0.0200256955381305	1.09390017091336	0.279694054359842
kgp3991027	cg01433766	CD8T	-0.000815687440155789	-0.0321151875886432	0.974519136397134
kgp3991027	cg01433766	NK	-0.0623922200232785	-1.84946335248615	0.0708220934321308
kgp3991027	cg13089765	CD4T	0.0570815381210214	0.730447632264935	0.468820685372709
kgp3991027	cg13089765	CD8T	0.0257812589404675	0.233449857759899	0.816447880263499
kgp3991027	cg13089765	NK	-0.232615217734931	-1.69473405077163	0.0968864934846893
kgp777601	cg01433766	CD4T	-0.0142970584697409	-0.613249974202747	0.542731572433128
kgp777601	cg01433766	CD8T	0.0154778843399035	0.49548077079823	0.622619642641622
kgp777601	cg01433766	NK	0.0251026448133273	0.52530253966013	0.601895906326929
kgp777601	cg13089765	CD4T	0.0208164464899031	0.214422955166915	0.831164960466394
kgp777601	cg13089765	CD8T	-0.0187944103506075	-0.142446442435409	0.887349482865843
kgp777601	cg13089765	NK	-0.0442866413032157	-0.23113600077016	0.818234167924909
kgp15345729	cg01433766	CD4T	0.0226713203203323	0.577183873657028	0.566629559442794
kgp15345729	cg01433766	CD8T	-0.00604209636756528	-0.111410376184493	0.911775647332622
kgp15345729	cg01433766	NK	-0.0923798779035671	-1.11728178603969	0.269675578356862
kgp15345729	cg13089765	CD4T	-0.211446222486933	-1.30070611847874	0.199837602559872
kgp15345729	cg13089765	CD8T	0.363453242865698	1.60903948599097	0.114450193646697
kgp15345729	cg13089765	NK	0.102347990768844	0.301806539873842	0.764159841399246
kgp5229054	cg13089765	CD4T	-0.0354796322825171	-0.479161979701266	0.634093519046601
kgp5229054	cg13089765	CD8T	0.00197168438891149	0.0200868804721691	0.984060943597951
kgp5229054	cg13089765	NK	0.0944572588123957	0.716017525632347	0.477599810785173
rs1201780	cg13089765	CD4T	0.0494499188963953	0.628731376384915	0.532634731491481
rs1201780	cg13089765	CD8T	-0.04115092797595	-0.348829326540131	0.728809108540085
rs1201780	cg13089765	NK	-0.123617733362718	-0.779381839974072	0.439746323521208
rs2339135	cg13089765	CD4T	-0.0907846185217723	-1.14869949269308	0.256618165349258
rs2339135	cg13089765	CD8T	0.25193875154568	2.41965608592946	0.0195453983792357
rs2339135	cg13089765	NK	-0.11795020032247	-0.863048075772626	0.392588603528701
kgp3702667	cg00860370	CD4T	0.00956804972796916	0.956734068548705	0.343702896577889
kgp3702667	cg00860370	CD8T	-0.0178394724163899	-1.02326578367052	0.311533567577316
kgp3702667	cg00860370	NK	-0.00476246282285965	-0.238084851471773	0.812872655310083
kgp8438697	cg00860370	CD4T	-0.00446088813930655	-0.509415347726911	0.612896361826617
kgp8438697	cg00860370	CD8T	0.0104116767354117	0.817067646435193	0.418101532667634
kgp8438697	cg00860370	NK	-0.00739191516198623	-0.495277525995165	0.622761973031423
kgp11342773	cg00860370	CD4T	-0.0115549647443047	-1.16564022506846	0.249768557225918
kgp11342773	cg00860370	CD8T	0.0117312589788941	0.918532807604459	0.363131407596463
kgp11342773	cg00860370	NK	0.00174210303607322	0.111152242775344	0.911979200108803
rs11185389	cg00860370	CD4T	0.00165800008871733	0.130690410054456	0.896590100870836
rs11185389	cg00860370	CD8T	-0.0050867774537607	-0.28866412198927	0.774135274599406
rs11185389	cg00860370	NK	0.0135312245522189	0.854422767877582	0.397298817141276
kgp1049392	cg00860370	CD4T	0.000124711343783188	0.0171134137605378	0.986420150935821
kgp1049392	cg00860370	CD8T	-0.00409103466524153	-0.391967321676517	0.696892497805547
kgp1049392	cg00860370	NK	0.00515327213956585	0.39124074928682	0.697425699062544
kgp4315710	cg05337192	CD4T	0.251675555303752	0.847672354354959	0.401009614418734
kgp4315710	cg05337192	CD8T	-0.5151497309531	-1.20775340375218	0.233315203599889
kgp4315710	cg05337192	NK	-0.125853725746773	-0.200423994836508	0.842032494003902
kgp4370028	cg05337192	CD4T	-0.186035188548197	-1.46013201455674	0.151050308685616
kgp4370028	cg05337192	CD8T	0.38980541929379	2.15847301560127	0.0361440920205813
kgp4370028	cg05337192	NK	-0.0249659604746769	-0.115167885553202	0.908813322927563
rs4292979	cg05337192	CD4T	-14.410695457178	-2.03768447185844	0.0473568365849368
rs4292979	cg05337192	CD8T	-1.07664236748633	-1.77905605633672	0.0818387596801376
rs4292979	cg05337192	NK	1.23679587335535	2.1694009814454	0.0352554090161256
kgp1159049	cg05337192	CD4T	-0.130422601896438	-0.948522475449186	0.347820290955706
kgp1159049	cg05337192	CD8T	0.139606678882955	0.750305090977541	0.456891767287163
kgp1159049	cg05337192	NK	0.17089921126142	0.618190253709114	0.539498887891737
rs1328199	cg05337192	CD4T	0.246077500605045	1.35620217454799	0.181654815667149
rs1328199	cg05337192	CD8T	-0.284336684002339	-1.15984568424747	0.252096454390636
rs1328199	cg05337192	NK	-0.354939273457586	-0.893930804998675	0.376012301113088
rs7528153	cg05337192	CD4T	0.140148330321564	1.23619521237499	0.222661249662982
rs7528153	cg05337192	CD8T	-0.0936232085040984	-0.574610419370498	0.568354508187458
rs7528153	cg05337192	NK	-0.255346709986012	-1.26528025770984	0.21214278666764
rs7528153	cg11481351	CD4T	0.0110808040770058	0.300863887020669	0.764874017537507
rs7528153	cg11481351	CD8T	0.00905750872335298	0.167339811498467	0.867836177923186
rs7528153	cg11481351	NK	-0.0497874324982072	-0.808765373900426	0.422813497948732
